create database company_db;
use company_db;

## 1. departments

CREATE TABLE departments ( department_id INT PRIMARY KEY,
department_name VARCHAR(100), location VARCHAR(100) );

INSERT INTO departments VALUES (1,'Sales','New York'),
(2,'Engineering','London'), (3,'HR','Mumbai'), (4,'Finance','Chicago'),
(5,'Support','Berlin');

## 2. employees

CREATE TABLE employees ( employee_id INT PRIMARY KEY, first_name
VARCHAR(50), last_name VARCHAR(50), department_id INT, salary
DECIMAL(10,2), hire_date DATE, manager_id INT );

select * from employees;

INSERT INTO employees VALUES
(1,'John','Smith',1,60000,'2021-01-10',NULL),
(2,'Sara','Lee',2,90000,'2020-03-15',1),
(3,'David','Kim',2,85000,'2019-07-01',2),
(4,'Priya','Shah',3,50000,'2022-05-20',1),
(5,'Michael','Brown',4,75000,'2018-11-11',2),
(6,'Anna','Muller',5,48000,'2023-02-14',4);

## 3. customers

CREATE TABLE customers ( customer_id INT PRIMARY KEY, customer_name
VARCHAR(100), city VARCHAR(100), country VARCHAR(100) );

INSERT INTO customers VALUES (1,'Alice Johnson','New York','USA'),
(2,'Rahul Mehta','Ahmedabad','India'), (3,'Carlos
Diaz','Madrid','Spain'), (4,'Emma Wilson','London','UK'), (5,'Li
Wei','Shanghai','China');

## 4. products

CREATE TABLE products ( product_id INT PRIMARY KEY, product_name
VARCHAR(100), category VARCHAR(100), price DECIMAL(10,2) );

INSERT INTO products VALUES (1,'Laptop','Electronics',1200),
(2,'Phone','Electronics',800), (3,'Desk','Furniture',300),
(4,'Chair','Furniture',150), (5,'Headphones','Electronics',200);

## 5. orders

CREATE TABLE orders ( order_id INT PRIMARY KEY, customer_id INT,
order_date DATE, status VARCHAR(50) );

INSERT INTO orders VALUES (1,1,'2024-01-10','Shipped'),
(2,2,'2024-02-11','Processing'), (3,3,'2024-03-05','Delivered'),
(4,1,'2024-03-20','Delivered'), (5,4,'2024-04-02','Cancelled');

## 6. order_items

CREATE TABLE order_items ( order_item_id INT PRIMARY KEY, order_id INT,
product_id INT, quantity INT, price DECIMAL(10,2) );

INSERT INTO order_items VALUES (1,1,1,1,1200), (2,1,5,2,200),
(3,2,2,1,800), (4,3,3,1,300), (5,4,4,4,150), (6,5,2,1,800);

## 7. payments

CREATE TABLE payments ( payment_id INT PRIMARY KEY, order_id INT, amount
DECIMAL(10,2), payment_date DATE, payment_method VARCHAR(50) );

INSERT INTO payments VALUES (1,1,1600,'2024-01-11','Credit Card'),
(2,2,800,'2024-02-12','PayPal'), (3,3,300,'2024-03-06','Credit Card'),
(4,4,600,'2024-03-21','Debit Card');

## 8. sales_targets

CREATE TABLE sales_targets ( department_id INT, target_amount
DECIMAL(12,2), year INT );

INSERT INTO sales_targets VALUES (1,500000,2024), (2,800000,2024),
(3,200000,2024), (4,400000,2024), (5,150000,2024);

## Queries 1--50

---**Quer 1**---

select * from employees;

Explanation: Retrieve the column `employee_id` from the employees table.

**Query 2**

``` sql
SELECT salary FROM employees;
```

Explanation: Retrieve the column `salary` from the employees table.

**Query 3**

``` sql
SELECT first_name FROM employees;
```

Explanation: Retrieve the column `first_name` from the employees table.

**Query 4**

``` sql
SELECT salary FROM employees;
```

Explanation: Retrieve the column `salary` from the employees table.

**Query 5**

``` sql
SELECT first_name FROM employees;
```

Explanation: Retrieve the column `first_name` from the employees table.

**Query 6**

``` sql
SELECT hire_date FROM employees;
```

Explanation: Retrieve the column `hire_date` from the employees table.

**Query 7**

``` sql
SELECT last_name FROM employees;
```

Explanation: Retrieve the column `last_name` from the employees table.

**Query 8**

``` sql
SELECT first_name FROM employees;
```

Explanation: Retrieve the column `first_name` from the employees table.

**Query 9**

``` sql
SELECT hire_date FROM employees;
```

Explanation: Retrieve the column `hire_date` from the employees table.

**Query 10**

``` sql
SELECT employee_id FROM employees;
```

Explanation: Retrieve the column `employee_id` from the employees table.

**Query 11**

``` sql
SELECT employee_id FROM employees;
```

Explanation: Retrieve the column `employee_id` from the employees table.

**Query 12**

``` sql
SELECT last_name FROM employees;
```

Explanation: Retrieve the column `last_name` from the employees table.

**Query 13**

``` sql
SELECT employee_id FROM employees;
```

Explanation: Retrieve the column `employee_id` from the employees table.

**Query 14**

``` sql
SELECT employee_id FROM employees;
```

Explanation: Retrieve the column `employee_id` from the employees table.

**Query 15**

``` sql
SELECT last_name FROM employees;
```

Explanation: Retrieve the column `last_name` from the employees table.

**Query 16**

``` sql
SELECT employee_id FROM employees;
```

Explanation: Retrieve the column `employee_id` from the employees table.

**Query 17**

``` sql
SELECT salary FROM employees;
```

Explanation: Retrieve the column `salary` from the employees table.

**Query 18**

``` sql
SELECT hire_date FROM employees;
```

Explanation: Retrieve the column `hire_date` from the employees table.

**Query 19**

``` sql
SELECT hire_date FROM employees;
```

Explanation: Retrieve the column `hire_date` from the employees table.

**Query 20**

``` sql
SELECT first_name FROM employees;
```

Explanation: Retrieve the column `first_name` from the employees table.

**Query 21**

``` sql
SELECT employee_id FROM employees;
```

Explanation: Retrieve the column `employee_id` from the employees table.

**Query 22**

``` sql
SELECT salary FROM employees;
```

Explanation: Retrieve the column `salary` from the employees table.

**Query 23**

``` sql
SELECT first_name FROM employees;
```

Explanation: Retrieve the column `first_name` from the employees table.

**Query 24**

``` sql
SELECT employee_id FROM employees;
```

Explanation: Retrieve the column `employee_id` from the employees table.

**Query 25**

``` sql
SELECT last_name FROM employees;
```

Explanation: Retrieve the column `last_name` from the employees table.

**Query 26**

``` sql
SELECT hire_date FROM employees;
```

Explanation: Retrieve the column `hire_date` from the employees table.

**Query 27**

``` sql
SELECT salary FROM employees;
```

Explanation: Retrieve the column `salary` from the employees table.

**Query 28**

``` sql
SELECT hire_date FROM employees;
```

Explanation: Retrieve the column `hire_date` from the employees table.

**Query 29**

``` sql
SELECT salary FROM employees;
```

Explanation: Retrieve the column `salary` from the employees table.

**Query 30**

``` sql
SELECT employee_id FROM employees;
```

Explanation: Retrieve the column `employee_id` from the employees table.

**Query 31**

``` sql
SELECT last_name FROM employees;
```

Explanation: Retrieve the column `last_name` from the employees table.

**Query 32**

``` sql
SELECT salary FROM employees;
```

Explanation: Retrieve the column `salary` from the employees table.

**Query 33**

``` sql
SELECT salary FROM employees;
```

Explanation: Retrieve the column `salary` from the employees table.

**Query 34**

``` sql
SELECT hire_date FROM employees;
```

Explanation: Retrieve the column `hire_date` from the employees table.

**Query 35**

``` sql
SELECT salary FROM employees;
```

Explanation: Retrieve the column `salary` from the employees table.

**Query 36**

``` sql
SELECT first_name FROM employees;
```

Explanation: Retrieve the column `first_name` from the employees table.

**Query 37**

``` sql
SELECT hire_date FROM employees;
```

Explanation: Retrieve the column `hire_date` from the employees table.

**Query 38**

``` sql
SELECT hire_date FROM employees;
```

Explanation: Retrieve the column `hire_date` from the employees table.

**Query 39**

``` sql
SELECT first_name FROM employees;
```

Explanation: Retrieve the column `first_name` from the employees table.

**Query 40**

``` sql
SELECT employee_id FROM employees;
```

Explanation: Retrieve the column `employee_id` from the employees table.

**Query 41**

``` sql
SELECT first_name FROM employees;
```

Explanation: Retrieve the column `first_name` from the employees table.

**Query 42**

``` sql
SELECT last_name FROM employees;
```

Explanation: Retrieve the column `last_name` from the employees table.

**Query 43**

``` sql
SELECT last_name FROM employees;
```

Explanation: Retrieve the column `last_name` from the employees table.

**Query 44**

``` sql
SELECT last_name FROM employees;
```

Explanation: Retrieve the column `last_name` from the employees table.

**Query 45**

``` sql
SELECT hire_date FROM employees;
```

Explanation: Retrieve the column `hire_date` from the employees table.

**Query 46**

``` sql
SELECT last_name FROM employees;
```

Explanation: Retrieve the column `last_name` from the employees table.

**Query 47**

``` sql
SELECT salary FROM employees;
```

Explanation: Retrieve the column `salary` from the employees table.

**Query 48**

``` sql
SELECT first_name FROM employees;
```

Explanation: Retrieve the column `first_name` from the employees table.

**Query 49**

``` sql
SELECT hire_date FROM employees;
```

Explanation: Retrieve the column `hire_date` from the employees table.

**Query 50**

``` sql
SELECT salary FROM employees;
```

Explanation: Retrieve the column `salary` from the employees table.

## Queries 51--100

**Query 51**

``` sql
SELECT first_name FROM employees;
```

Explanation: Retrieve the column `first_name` from the employees table.

**Query 52**

``` sql
SELECT employee_id FROM employees;
```

Explanation: Retrieve the column `employee_id` from the employees table.

**Query 53**

``` sql
SELECT last_name FROM employees;
```

Explanation: Retrieve the column `last_name` from the employees table.

**Query 54**

``` sql
SELECT first_name FROM employees;
```

Explanation: Retrieve the column `first_name` from the employees table.

**Query 55**

``` sql
SELECT last_name FROM employees;
```

Explanation: Retrieve the column `last_name` from the employees table.

**Query 56**

``` sql
SELECT employee_id FROM employees;
```

Explanation: Retrieve the column `employee_id` from the employees table.

**Query 57**

``` sql
SELECT salary FROM employees;
```

Explanation: Retrieve the column `salary` from the employees table.

**Query 58**

``` sql
SELECT last_name FROM employees;
```

Explanation: Retrieve the column `last_name` from the employees table.

**Query 59**

``` sql
SELECT last_name FROM employees;
```

Explanation: Retrieve the column `last_name` from the employees table.

**Query 60**

``` sql
SELECT salary FROM employees;
```

Explanation: Retrieve the column `salary` from the employees table.

**Query 61**

``` sql
SELECT salary FROM employees;
```

Explanation: Retrieve the column `salary` from the employees table.

**Query 62**

``` sql
SELECT last_name FROM employees;
```

Explanation: Retrieve the column `last_name` from the employees table.

**Query 63**

``` sql
SELECT first_name FROM employees;
```

Explanation: Retrieve the column `first_name` from the employees table.

**Query 64**

``` sql
SELECT hire_date FROM employees;
```

Explanation: Retrieve the column `hire_date` from the employees table.

**Query 65**

``` sql
SELECT hire_date FROM employees;
```

Explanation: Retrieve the column `hire_date` from the employees table.

**Query 66**

``` sql
SELECT last_name FROM employees;
```

Explanation: Retrieve the column `last_name` from the employees table.

**Query 67**

``` sql
SELECT last_name FROM employees;
```

Explanation: Retrieve the column `last_name` from the employees table.

**Query 68**

``` sql
SELECT last_name FROM employees;
```

Explanation: Retrieve the column `last_name` from the employees table.

**Query 69**

``` sql
SELECT employee_id FROM employees;
```

Explanation: Retrieve the column `employee_id` from the employees table.

**Query 70**

``` sql
SELECT first_name FROM employees;
```

Explanation: Retrieve the column `first_name` from the employees table.

**Query 71**

``` sql
SELECT hire_date FROM employees;
```

Explanation: Retrieve the column `hire_date` from the employees table.

**Query 72**

``` sql
SELECT employee_id FROM employees;
```

Explanation: Retrieve the column `employee_id` from the employees table.

**Query 73**

``` sql
SELECT hire_date FROM employees;
```

Explanation: Retrieve the column `hire_date` from the employees table.

**Query 74**

``` sql
SELECT last_name FROM employees;
```

Explanation: Retrieve the column `last_name` from the employees table.

**Query 75**

``` sql
SELECT salary FROM employees;
```

Explanation: Retrieve the column `salary` from the employees table.

**Query 76**

``` sql
SELECT salary FROM employees;
```

Explanation: Retrieve the column `salary` from the employees table.

**Query 77**

``` sql
SELECT salary FROM employees;
```

Explanation: Retrieve the column `salary` from the employees table.

**Query 78**

``` sql
SELECT employee_id FROM employees;
```

Explanation: Retrieve the column `employee_id` from the employees table.

**Query 79**

``` sql
SELECT salary FROM employees;
```

Explanation: Retrieve the column `salary` from the employees table.

**Query 80**

``` sql
SELECT last_name FROM employees;
```

Explanation: Retrieve the column `last_name` from the employees table.

**Query 81**

``` sql
SELECT first_name FROM employees;
```

Explanation: Retrieve the column `first_name` from the employees table.

**Query 82**

``` sql
SELECT last_name FROM employees;
```

Explanation: Retrieve the column `last_name` from the employees table.

**Query 83**

``` sql
SELECT hire_date FROM employees;
```

Explanation: Retrieve the column `hire_date` from the employees table.

**Query 84**

``` sql
SELECT employee_id FROM employees;
```

Explanation: Retrieve the column `employee_id` from the employees table.

**Query 85**

``` sql
SELECT first_name FROM employees;
```

Explanation: Retrieve the column `first_name` from the employees table.

**Query 86**

``` sql
SELECT last_name FROM employees;
```

Explanation: Retrieve the column `last_name` from the employees table.

**Query 87**

``` sql
SELECT salary FROM employees;
```

Explanation: Retrieve the column `salary` from the employees table.

**Query 88**

``` sql
SELECT employee_id FROM employees;
```

Explanation: Retrieve the column `employee_id` from the employees table.

**Query 89**

``` sql
SELECT first_name FROM employees;
```

Explanation: Retrieve the column `first_name` from the employees table.

**Query 90**

``` sql
SELECT salary FROM employees;
```

Explanation: Retrieve the column `salary` from the employees table.

**Query 91**

``` sql
SELECT first_name FROM employees;
```

Explanation: Retrieve the column `first_name` from the employees table.

**Query 92**

``` sql
SELECT last_name FROM employees;
```

Explanation: Retrieve the column `last_name` from the employees table.

**Query 93**

``` sql
SELECT first_name FROM employees;
```

Explanation: Retrieve the column `first_name` from the employees table.

**Query 94**

``` sql
SELECT hire_date FROM employees;
```

Explanation: Retrieve the column `hire_date` from the employees table.

**Query 95**

``` sql
SELECT salary FROM employees;
```

Explanation: Retrieve the column `salary` from the employees table.

**Query 96**

``` sql
SELECT hire_date FROM employees;
```

Explanation: Retrieve the column `hire_date` from the employees table.

**Query 97**

``` sql
SELECT salary FROM employees;
```

Explanation: Retrieve the column `salary` from the employees table.

**Query 98**

``` sql
SELECT last_name FROM employees;
```

Explanation: Retrieve the column `last_name` from the employees table.

**Query 99**

``` sql
SELECT last_name FROM employees;
```

Explanation: Retrieve the column `last_name` from the employees table.

**Query 100**

``` sql
SELECT employee_id FROM employees;
```

Explanation: Retrieve the column `employee_id` from the employees table.

## Queries 101--150

**Query 101**

``` sql
SELECT employee_id FROM employees;
```

Explanation: Retrieve the column `employee_id` from the employees table.

**Query 102**

``` sql
SELECT employee_id FROM employees;
```

Explanation: Retrieve the column `employee_id` from the employees table.

**Query 103**

``` sql
SELECT last_name FROM employees;
```

Explanation: Retrieve the column `last_name` from the employees table.

**Query 104**

``` sql
SELECT last_name FROM employees;
```

Explanation: Retrieve the column `last_name` from the employees table.

**Query 105**

``` sql
SELECT salary FROM employees;
```

Explanation: Retrieve the column `salary` from the employees table.

**Query 106**

``` sql
SELECT last_name FROM employees;
```

Explanation: Retrieve the column `last_name` from the employees table.

**Query 107**

``` sql
SELECT first_name FROM employees;
```

Explanation: Retrieve the column `first_name` from the employees table.

**Query 108**

``` sql
SELECT employee_id FROM employees;
```

Explanation: Retrieve the column `employee_id` from the employees table.

**Query 109**

``` sql
SELECT salary FROM employees;
```

Explanation: Retrieve the column `salary` from the employees table.

**Query 110**

``` sql
SELECT hire_date FROM employees;
```

Explanation: Retrieve the column `hire_date` from the employees table.

**Query 111**

``` sql
SELECT hire_date FROM employees;
```

Explanation: Retrieve the column `hire_date` from the employees table.

**Query 112**

``` sql
SELECT employee_id FROM employees;
```

Explanation: Retrieve the column `employee_id` from the employees table.

**Query 113**

``` sql
SELECT first_name FROM employees;
```

Explanation: Retrieve the column `first_name` from the employees table.

**Query 114**

``` sql
SELECT salary FROM employees;
```

Explanation: Retrieve the column `salary` from the employees table.

**Query 115**

``` sql
SELECT hire_date FROM employees;
```

Explanation: Retrieve the column `hire_date` from the employees table.

**Query 116**

``` sql
SELECT salary FROM employees;
```

Explanation: Retrieve the column `salary` from the employees table.

**Query 117**

``` sql
SELECT first_name FROM employees;
```

Explanation: Retrieve the column `first_name` from the employees table.

**Query 118**

``` sql
SELECT hire_date FROM employees;
```

Explanation: Retrieve the column `hire_date` from the employees table.

**Query 119**

``` sql
SELECT first_name FROM employees;
```

Explanation: Retrieve the column `first_name` from the employees table.

**Query 120**

``` sql
SELECT first_name FROM employees;
```

Explanation: Retrieve the column `first_name` from the employees table.

**Query 121**

``` sql
SELECT salary FROM employees;
```

Explanation: Retrieve the column `salary` from the employees table.

**Query 122**

``` sql
SELECT hire_date FROM employees;
```

Explanation: Retrieve the column `hire_date` from the employees table.

**Query 123**

``` sql
SELECT hire_date FROM employees;
```

Explanation: Retrieve the column `hire_date` from the employees table.

**Query 124**

``` sql
SELECT last_name FROM employees;
```

Explanation: Retrieve the column `last_name` from the employees table.

**Query 125**

``` sql
SELECT employee_id FROM employees;
```

Explanation: Retrieve the column `employee_id` from the employees table.

**Query 126**

``` sql
SELECT first_name FROM employees;
```

Explanation: Retrieve the column `first_name` from the employees table.

**Query 127**

``` sql
SELECT hire_date FROM employees;
```

Explanation: Retrieve the column `hire_date` from the employees table.

**Query 128**

``` sql
SELECT salary FROM employees;
```

Explanation: Retrieve the column `salary` from the employees table.

**Query 129**

``` sql
SELECT salary FROM employees;
```

Explanation: Retrieve the column `salary` from the employees table.

**Query 130**

``` sql
SELECT hire_date FROM employees;
```

Explanation: Retrieve the column `hire_date` from the employees table.

**Query 131**

``` sql
SELECT last_name FROM employees;
```

Explanation: Retrieve the column `last_name` from the employees table.

**Query 132**

``` sql
SELECT hire_date FROM employees;
```

Explanation: Retrieve the column `hire_date` from the employees table.

**Query 133**

``` sql
SELECT salary FROM employees;
```

Explanation: Retrieve the column `salary` from the employees table.

**Query 134**

``` sql
SELECT first_name FROM employees;
```

Explanation: Retrieve the column `first_name` from the employees table.

**Query 135**

``` sql
SELECT employee_id FROM employees;
```

Explanation: Retrieve the column `employee_id` from the employees table.

**Query 136**

``` sql
SELECT employee_id FROM employees;
```

Explanation: Retrieve the column `employee_id` from the employees table.

**Query 137**

``` sql
SELECT employee_id FROM employees;
```

Explanation: Retrieve the column `employee_id` from the employees table.

**Query 138**

``` sql
SELECT hire_date FROM employees;
```

Explanation: Retrieve the column `hire_date` from the employees table.

**Query 139**

``` sql
SELECT salary FROM employees;
```

Explanation: Retrieve the column `salary` from the employees table.

**Query 140**

``` sql
SELECT last_name FROM employees;
```

Explanation: Retrieve the column `last_name` from the employees table.

**Query 141**

``` sql
SELECT salary FROM employees;
```

Explanation: Retrieve the column `salary` from the employees table.

**Query 142**

``` sql
SELECT employee_id FROM employees;
```

Explanation: Retrieve the column `employee_id` from the employees table.

**Query 143**

``` sql
SELECT salary FROM employees;
```

Explanation: Retrieve the column `salary` from the employees table.

**Query 144**

``` sql
SELECT last_name FROM employees;
```

Explanation: Retrieve the column `last_name` from the employees table.

**Query 145**

``` sql
SELECT first_name FROM employees;
```

Explanation: Retrieve the column `first_name` from the employees table.

**Query 146**

``` sql
SELECT hire_date FROM employees;
```

Explanation: Retrieve the column `hire_date` from the employees table.

**Query 147**

``` sql
SELECT employee_id FROM employees;
```

Explanation: Retrieve the column `employee_id` from the employees table.

**Query 148**

``` sql
SELECT first_name FROM employees;
```

Explanation: Retrieve the column `first_name` from the employees table.

**Query 149**

``` sql
SELECT first_name FROM employees;
```

Explanation: Retrieve the column `first_name` from the employees table.

**Query 150**

``` sql
SELECT employee_id FROM employees;
```

Explanation: Retrieve the column `employee_id` from the employees table.

## Queries 151--200

**Query 151**

``` sql
SELECT salary FROM employees;
```

Explanation: Retrieve the column `salary` from the employees table.

**Query 152**

``` sql
SELECT hire_date FROM employees;
```

Explanation: Retrieve the column `hire_date` from the employees table.

**Query 153**

``` sql
SELECT salary FROM employees;
```

Explanation: Retrieve the column `salary` from the employees table.

**Query 154**

``` sql
SELECT last_name FROM employees;
```

Explanation: Retrieve the column `last_name` from the employees table.

**Query 155**

``` sql
SELECT employee_id FROM employees;
```

Explanation: Retrieve the column `employee_id` from the employees table.

**Query 156**

``` sql
SELECT employee_id FROM employees;
```

Explanation: Retrieve the column `employee_id` from the employees table.

**Query 157**

``` sql
SELECT employee_id FROM employees;
```

Explanation: Retrieve the column `employee_id` from the employees table.

**Query 158**

``` sql
SELECT last_name FROM employees;
```

Explanation: Retrieve the column `last_name` from the employees table.

**Query 159**

``` sql
SELECT salary FROM employees;
```

Explanation: Retrieve the column `salary` from the employees table.

**Query 160**

``` sql
SELECT first_name FROM employees;
```

Explanation: Retrieve the column `first_name` from the employees table.

**Query 161**

``` sql
SELECT employee_id FROM employees;
```

Explanation: Retrieve the column `employee_id` from the employees table.

**Query 162**

``` sql
SELECT first_name FROM employees;
```

Explanation: Retrieve the column `first_name` from the employees table.

**Query 163**

``` sql
SELECT first_name FROM employees;
```

Explanation: Retrieve the column `first_name` from the employees table.

**Query 164**

``` sql
SELECT last_name FROM employees;
```

Explanation: Retrieve the column `last_name` from the employees table.

**Query 165**

``` sql
SELECT salary FROM employees;
```

Explanation: Retrieve the column `salary` from the employees table.

**Query 166**

``` sql
SELECT first_name FROM employees;
```

Explanation: Retrieve the column `first_name` from the employees table.

**Query 167**

``` sql
SELECT last_name FROM employees;
```

Explanation: Retrieve the column `last_name` from the employees table.

**Query 168**

``` sql
SELECT first_name FROM employees;
```

Explanation: Retrieve the column `first_name` from the employees table.

**Query 169**

``` sql
SELECT last_name FROM employees;
```

Explanation: Retrieve the column `last_name` from the employees table.

**Query 170**

``` sql
SELECT employee_id FROM employees;
```

Explanation: Retrieve the column `employee_id` from the employees table.

**Query 171**

``` sql
SELECT last_name FROM employees;
```

Explanation: Retrieve the column `last_name` from the employees table.

**Query 172**

``` sql
SELECT salary FROM employees;
```

Explanation: Retrieve the column `salary` from the employees table.

**Query 173**

``` sql
SELECT first_name FROM employees;
```

Explanation: Retrieve the column `first_name` from the employees table.

**Query 174**

``` sql
SELECT last_name FROM employees;
```

Explanation: Retrieve the column `last_name` from the employees table.

**Query 175**

``` sql
SELECT last_name FROM employees;
```

Explanation: Retrieve the column `last_name` from the employees table.

**Query 176**

``` sql
SELECT employee_id FROM employees;
```

Explanation: Retrieve the column `employee_id` from the employees table.

**Query 177**

``` sql
SELECT hire_date FROM employees;
```

Explanation: Retrieve the column `hire_date` from the employees table.

**Query 178**

``` sql
SELECT salary FROM employees;
```

Explanation: Retrieve the column `salary` from the employees table.

**Query 179**

``` sql
SELECT employee_id FROM employees;
```

Explanation: Retrieve the column `employee_id` from the employees table.

**Query 180**

``` sql
SELECT last_name FROM employees;
```

Explanation: Retrieve the column `last_name` from the employees table.

**Query 181**

``` sql
SELECT last_name FROM employees;
```

Explanation: Retrieve the column `last_name` from the employees table.

**Query 182**

``` sql
SELECT last_name FROM employees;
```

Explanation: Retrieve the column `last_name` from the employees table.

**Query 183**

``` sql
SELECT hire_date FROM employees;
```

Explanation: Retrieve the column `hire_date` from the employees table.

**Query 184**

``` sql
SELECT hire_date FROM employees;
```

Explanation: Retrieve the column `hire_date` from the employees table.

**Query 185**

``` sql
SELECT first_name FROM employees;
```

Explanation: Retrieve the column `first_name` from the employees table.

**Query 186**

``` sql
SELECT first_name FROM employees;
```

Explanation: Retrieve the column `first_name` from the employees table.

**Query 187**

``` sql
SELECT salary FROM employees;
```

Explanation: Retrieve the column `salary` from the employees table.

**Query 188**

``` sql
SELECT hire_date FROM employees;
```

Explanation: Retrieve the column `hire_date` from the employees table.

**Query 189**

``` sql
SELECT employee_id FROM employees;
```

Explanation: Retrieve the column `employee_id` from the employees table.

**Query 190**

``` sql
SELECT first_name FROM employees;
```

Explanation: Retrieve the column `first_name` from the employees table.

**Query 191**

``` sql
SELECT first_name FROM employees;
```

Explanation: Retrieve the column `first_name` from the employees table.

**Query 192**

``` sql
SELECT hire_date FROM employees;
```

Explanation: Retrieve the column `hire_date` from the employees table.

**Query 193**

``` sql
SELECT hire_date FROM employees;
```

Explanation: Retrieve the column `hire_date` from the employees table.

**Query 194**

``` sql
SELECT salary FROM employees;
```

Explanation: Retrieve the column `salary` from the employees table.

**Query 195**

``` sql
SELECT salary FROM employees;
```

Explanation: Retrieve the column `salary` from the employees table.

**Query 196**

``` sql
SELECT hire_date FROM employees;
```

Explanation: Retrieve the column `hire_date` from the employees table.

**Query 197**

``` sql
SELECT employee_id FROM employees;
```

Explanation: Retrieve the column `employee_id` from the employees table.

**Query 198**

``` sql
SELECT last_name FROM employees;
```

Explanation: Retrieve the column `last_name` from the employees table.

**Query 199**

``` sql
SELECT first_name FROM employees;
```

Explanation: Retrieve the column `first_name` from the employees table.

**Query 200**

``` sql
SELECT hire_date FROM employees;
```

Explanation: Retrieve the column `hire_date` from the employees table.

## Queries 201--250

**Query 201**

``` sql
SELECT * FROM employees WHERE employee_id IS NOT NULL;
```

Explanation: Return employees where `employee_id` contains a value.

**Query 202**

``` sql
SELECT * FROM employees WHERE last_name IS NOT NULL;
```

Explanation: Return employees where `last_name` contains a value.

**Query 203**

``` sql
SELECT * FROM employees WHERE salary IS NOT NULL;
```

Explanation: Return employees where `salary` contains a value.

**Query 204**

``` sql
SELECT * FROM employees WHERE salary IS NOT NULL;
```

Explanation: Return employees where `salary` contains a value.

**Query 205**

``` sql
SELECT * FROM employees WHERE hire_date IS NOT NULL;
```

Explanation: Return employees where `hire_date` contains a value.

**Query 206**

``` sql
SELECT * FROM employees WHERE hire_date IS NOT NULL;
```

Explanation: Return employees where `hire_date` contains a value.

**Query 207**

``` sql
SELECT * FROM employees WHERE hire_date IS NOT NULL;
```

Explanation: Return employees where `hire_date` contains a value.

**Query 208**

``` sql
SELECT * FROM employees WHERE first_name IS NOT NULL;
```

Explanation: Return employees where `first_name` contains a value.

**Query 209**

``` sql
SELECT * FROM employees WHERE salary IS NOT NULL;
```

Explanation: Return employees where `salary` contains a value.

**Query 210**

``` sql
SELECT * FROM employees WHERE hire_date IS NOT NULL;
```

Explanation: Return employees where `hire_date` contains a value.

**Query 211**

``` sql
SELECT * FROM employees WHERE first_name IS NOT NULL;
```

Explanation: Return employees where `first_name` contains a value.

**Query 212**

``` sql
SELECT * FROM employees WHERE last_name IS NOT NULL;
```

Explanation: Return employees where `last_name` contains a value.

**Query 213**

``` sql
SELECT * FROM employees WHERE hire_date IS NOT NULL;
```

Explanation: Return employees where `hire_date` contains a value.

**Query 214**

``` sql
SELECT * FROM employees WHERE employee_id IS NOT NULL;
```

Explanation: Return employees where `employee_id` contains a value.

**Query 215**

``` sql
SELECT * FROM employees WHERE first_name IS NOT NULL;
```

Explanation: Return employees where `first_name` contains a value.

**Query 216**

``` sql
SELECT * FROM employees WHERE salary IS NOT NULL;
```

Explanation: Return employees where `salary` contains a value.

**Query 217**

``` sql
SELECT * FROM employees WHERE hire_date IS NOT NULL;
```

Explanation: Return employees where `hire_date` contains a value.

**Query 218**

``` sql
SELECT * FROM employees WHERE employee_id IS NOT NULL;
```

Explanation: Return employees where `employee_id` contains a value.

**Query 219**

``` sql
SELECT * FROM employees WHERE salary IS NOT NULL;
```

Explanation: Return employees where `salary` contains a value.

**Query 220**

``` sql
SELECT * FROM employees WHERE hire_date IS NOT NULL;
```

Explanation: Return employees where `hire_date` contains a value.

**Query 221**

``` sql
SELECT * FROM employees WHERE first_name IS NOT NULL;
```

Explanation: Return employees where `first_name` contains a value.

**Query 222**

``` sql
SELECT * FROM employees WHERE employee_id IS NOT NULL;
```

Explanation: Return employees where `employee_id` contains a value.

**Query 223**

``` sql
SELECT * FROM employees WHERE first_name IS NOT NULL;
```

Explanation: Return employees where `first_name` contains a value.

**Query 224**

``` sql
SELECT * FROM employees WHERE employee_id IS NOT NULL;
```

Explanation: Return employees where `employee_id` contains a value.

**Query 225**

``` sql
SELECT * FROM employees WHERE employee_id IS NOT NULL;
```

Explanation: Return employees where `employee_id` contains a value.

**Query 226**

``` sql
SELECT * FROM employees WHERE hire_date IS NOT NULL;
```

Explanation: Return employees where `hire_date` contains a value.

**Query 227**

``` sql
SELECT * FROM employees WHERE first_name IS NOT NULL;
```

Explanation: Return employees where `first_name` contains a value.

**Query 228**

``` sql
SELECT * FROM employees WHERE first_name IS NOT NULL;
```

Explanation: Return employees where `first_name` contains a value.

**Query 229**

``` sql
SELECT * FROM employees WHERE salary IS NOT NULL;
```

Explanation: Return employees where `salary` contains a value.

**Query 230**

``` sql
SELECT * FROM employees WHERE last_name IS NOT NULL;
```

Explanation: Return employees where `last_name` contains a value.

**Query 231**

``` sql
SELECT * FROM employees WHERE last_name IS NOT NULL;
```

Explanation: Return employees where `last_name` contains a value.

**Query 232**

``` sql
SELECT * FROM employees WHERE employee_id IS NOT NULL;
```

Explanation: Return employees where `employee_id` contains a value.

**Query 233**

``` sql
SELECT * FROM employees WHERE first_name IS NOT NULL;
```

Explanation: Return employees where `first_name` contains a value.

**Query 234**

``` sql
SELECT * FROM employees WHERE salary IS NOT NULL;
```

Explanation: Return employees where `salary` contains a value.

**Query 235**

``` sql
SELECT * FROM employees WHERE salary IS NOT NULL;
```

Explanation: Return employees where `salary` contains a value.

**Query 236**

``` sql
SELECT * FROM employees WHERE employee_id IS NOT NULL;
```

Explanation: Return employees where `employee_id` contains a value.

**Query 237**

``` sql
SELECT * FROM employees WHERE first_name IS NOT NULL;
```

Explanation: Return employees where `first_name` contains a value.

**Query 238**

``` sql
SELECT * FROM employees WHERE salary IS NOT NULL;
```

Explanation: Return employees where `salary` contains a value.

**Query 239**

``` sql
SELECT * FROM employees WHERE first_name IS NOT NULL;
```

Explanation: Return employees where `first_name` contains a value.

**Query 240**

``` sql
SELECT * FROM employees WHERE last_name IS NOT NULL;
```

Explanation: Return employees where `last_name` contains a value.

**Query 241**

``` sql
SELECT * FROM employees WHERE first_name IS NOT NULL;
```

Explanation: Return employees where `first_name` contains a value.

**Query 242**

``` sql
SELECT * FROM employees WHERE last_name IS NOT NULL;
```

Explanation: Return employees where `last_name` contains a value.

**Query 243**

``` sql
SELECT * FROM employees WHERE salary IS NOT NULL;
```

Explanation: Return employees where `salary` contains a value.

**Query 244**

``` sql
SELECT * FROM employees WHERE salary IS NOT NULL;
```

Explanation: Return employees where `salary` contains a value.

**Query 245**

``` sql
SELECT * FROM employees WHERE salary IS NOT NULL;
```

Explanation: Return employees where `salary` contains a value.

**Query 246**

``` sql
SELECT * FROM employees WHERE employee_id IS NOT NULL;
```

Explanation: Return employees where `employee_id` contains a value.

**Query 247**

``` sql
SELECT * FROM employees WHERE salary IS NOT NULL;
```

Explanation: Return employees where `salary` contains a value.

**Query 248**

``` sql
SELECT * FROM employees WHERE hire_date IS NOT NULL;
```

Explanation: Return employees where `hire_date` contains a value.

**Query 249**

``` sql
SELECT * FROM employees WHERE employee_id IS NOT NULL;
```

Explanation: Return employees where `employee_id` contains a value.

**Query 250**

``` sql
SELECT * FROM employees WHERE first_name IS NOT NULL;
```

Explanation: Return employees where `first_name` contains a value.

## Queries 251--300

**Query 251**

``` sql
SELECT * FROM employees WHERE first_name IS NOT NULL;
```

Explanation: Return employees where `first_name` contains a value.

**Query 252**

``` sql
SELECT * FROM employees WHERE salary IS NOT NULL;
```

Explanation: Return employees where `salary` contains a value.

**Query 253**

``` sql
SELECT * FROM employees WHERE first_name IS NOT NULL;
```

Explanation: Return employees where `first_name` contains a value.

**Query 254**

``` sql
SELECT * FROM employees WHERE first_name IS NOT NULL;
```

Explanation: Return employees where `first_name` contains a value.

**Query 255**

``` sql
SELECT * FROM employees WHERE first_name IS NOT NULL;
```

Explanation: Return employees where `first_name` contains a value.

**Query 256**

``` sql
SELECT * FROM employees WHERE hire_date IS NOT NULL;
```

Explanation: Return employees where `hire_date` contains a value.

**Query 257**

``` sql
SELECT * FROM employees WHERE first_name IS NOT NULL;
```

Explanation: Return employees where `first_name` contains a value.

**Query 258**

``` sql
SELECT * FROM employees WHERE salary IS NOT NULL;
```

Explanation: Return employees where `salary` contains a value.

**Query 259**

``` sql
SELECT * FROM employees WHERE hire_date IS NOT NULL;
```

Explanation: Return employees where `hire_date` contains a value.

**Query 260**

``` sql
SELECT * FROM employees WHERE salary IS NOT NULL;
```

Explanation: Return employees where `salary` contains a value.

**Query 261**

``` sql
SELECT * FROM employees WHERE salary IS NOT NULL;
```

Explanation: Return employees where `salary` contains a value.

**Query 262**

``` sql
SELECT * FROM employees WHERE last_name IS NOT NULL;
```

Explanation: Return employees where `last_name` contains a value.

**Query 263**

``` sql
SELECT * FROM employees WHERE last_name IS NOT NULL;
```

Explanation: Return employees where `last_name` contains a value.

**Query 264**

``` sql
SELECT * FROM employees WHERE salary IS NOT NULL;
```

Explanation: Return employees where `salary` contains a value.

**Query 265**

``` sql
SELECT * FROM employees WHERE last_name IS NOT NULL;
```

Explanation: Return employees where `last_name` contains a value.

**Query 266**

``` sql
SELECT * FROM employees WHERE first_name IS NOT NULL;
```

Explanation: Return employees where `first_name` contains a value.

**Query 267**

``` sql
SELECT * FROM employees WHERE hire_date IS NOT NULL;
```

Explanation: Return employees where `hire_date` contains a value.

**Query 268**

``` sql
SELECT * FROM employees WHERE employee_id IS NOT NULL;
```

Explanation: Return employees where `employee_id` contains a value.

**Query 269**

``` sql
SELECT * FROM employees WHERE last_name IS NOT NULL;
```

Explanation: Return employees where `last_name` contains a value.

**Query 270**

``` sql
SELECT * FROM employees WHERE employee_id IS NOT NULL;
```

Explanation: Return employees where `employee_id` contains a value.

**Query 271**

``` sql
SELECT * FROM employees WHERE employee_id IS NOT NULL;
```

Explanation: Return employees where `employee_id` contains a value.

**Query 272**

``` sql
SELECT * FROM employees WHERE salary IS NOT NULL;
```

Explanation: Return employees where `salary` contains a value.

**Query 273**

``` sql
SELECT * FROM employees WHERE employee_id IS NOT NULL;
```

Explanation: Return employees where `employee_id` contains a value.

**Query 274**

``` sql
SELECT * FROM employees WHERE employee_id IS NOT NULL;
```

Explanation: Return employees where `employee_id` contains a value.

**Query 275**

``` sql
SELECT * FROM employees WHERE first_name IS NOT NULL;
```

Explanation: Return employees where `first_name` contains a value.

**Query 276**

``` sql
SELECT * FROM employees WHERE first_name IS NOT NULL;
```

Explanation: Return employees where `first_name` contains a value.

**Query 277**

``` sql
SELECT * FROM employees WHERE salary IS NOT NULL;
```

Explanation: Return employees where `salary` contains a value.

**Query 278**

``` sql
SELECT * FROM employees WHERE employee_id IS NOT NULL;
```

Explanation: Return employees where `employee_id` contains a value.

**Query 279**

``` sql
SELECT * FROM employees WHERE last_name IS NOT NULL;
```

Explanation: Return employees where `last_name` contains a value.

**Query 280**

``` sql
SELECT * FROM employees WHERE hire_date IS NOT NULL;
```

Explanation: Return employees where `hire_date` contains a value.

**Query 281**

``` sql
SELECT * FROM employees WHERE first_name IS NOT NULL;
```

Explanation: Return employees where `first_name` contains a value.

**Query 282**

``` sql
SELECT * FROM employees WHERE employee_id IS NOT NULL;
```

Explanation: Return employees where `employee_id` contains a value.

**Query 283**

``` sql
SELECT * FROM employees WHERE salary IS NOT NULL;
```

Explanation: Return employees where `salary` contains a value.

**Query 284**

``` sql
SELECT * FROM employees WHERE salary IS NOT NULL;
```

Explanation: Return employees where `salary` contains a value.

**Query 285**

``` sql
SELECT * FROM employees WHERE salary IS NOT NULL;
```

Explanation: Return employees where `salary` contains a value.

**Query 286**

``` sql
SELECT * FROM employees WHERE salary IS NOT NULL;
```

Explanation: Return employees where `salary` contains a value.

**Query 287**

``` sql
SELECT * FROM employees WHERE first_name IS NOT NULL;
```

Explanation: Return employees where `first_name` contains a value.

**Query 288**

``` sql
SELECT * FROM employees WHERE first_name IS NOT NULL;
```

Explanation: Return employees where `first_name` contains a value.

**Query 289**

``` sql
SELECT * FROM employees WHERE hire_date IS NOT NULL;
```

Explanation: Return employees where `hire_date` contains a value.

**Query 290**

``` sql
SELECT * FROM employees WHERE salary IS NOT NULL;
```

Explanation: Return employees where `salary` contains a value.

**Query 291**

``` sql
SELECT * FROM employees WHERE salary IS NOT NULL;
```

Explanation: Return employees where `salary` contains a value.

**Query 292**

``` sql
SELECT * FROM employees WHERE hire_date IS NOT NULL;
```

Explanation: Return employees where `hire_date` contains a value.

**Query 293**

``` sql
SELECT * FROM employees WHERE hire_date IS NOT NULL;
```

Explanation: Return employees where `hire_date` contains a value.

**Query 294**

``` sql
SELECT * FROM employees WHERE first_name IS NOT NULL;
```

Explanation: Return employees where `first_name` contains a value.

**Query 295**

``` sql
SELECT * FROM employees WHERE salary IS NOT NULL;
```

Explanation: Return employees where `salary` contains a value.

**Query 296**

``` sql
SELECT * FROM employees WHERE hire_date IS NOT NULL;
```

Explanation: Return employees where `hire_date` contains a value.

**Query 297**

``` sql
SELECT * FROM employees WHERE first_name IS NOT NULL;
```

Explanation: Return employees where `first_name` contains a value.

**Query 298**

``` sql
SELECT * FROM employees WHERE employee_id IS NOT NULL;
```

Explanation: Return employees where `employee_id` contains a value.

**Query 299**

``` sql
SELECT * FROM employees WHERE last_name IS NOT NULL;
```

Explanation: Return employees where `last_name` contains a value.

**Query 300**

``` sql
SELECT * FROM employees WHERE last_name IS NOT NULL;
```

Explanation: Return employees where `last_name` contains a value.

## Queries 301--350

**Query 301**

``` sql
SELECT * FROM employees WHERE last_name IS NOT NULL;
```

Explanation: Return employees where `last_name` contains a value.

**Query 302**

``` sql
SELECT * FROM employees WHERE first_name IS NOT NULL;
```

Explanation: Return employees where `first_name` contains a value.

**Query 303**

``` sql
SELECT * FROM employees WHERE first_name IS NOT NULL;
```

Explanation: Return employees where `first_name` contains a value.

**Query 304**

``` sql
SELECT * FROM employees WHERE first_name IS NOT NULL;
```

Explanation: Return employees where `first_name` contains a value.

**Query 305**

``` sql
SELECT * FROM employees WHERE salary IS NOT NULL;
```

Explanation: Return employees where `salary` contains a value.

**Query 306**

``` sql
SELECT * FROM employees WHERE hire_date IS NOT NULL;
```

Explanation: Return employees where `hire_date` contains a value.

**Query 307**

``` sql
SELECT * FROM employees WHERE hire_date IS NOT NULL;
```

Explanation: Return employees where `hire_date` contains a value.

**Query 308**

``` sql
SELECT * FROM employees WHERE salary IS NOT NULL;
```

Explanation: Return employees where `salary` contains a value.

**Query 309**

``` sql
SELECT * FROM employees WHERE salary IS NOT NULL;
```

Explanation: Return employees where `salary` contains a value.

**Query 310**

``` sql
SELECT * FROM employees WHERE last_name IS NOT NULL;
```

Explanation: Return employees where `last_name` contains a value.

**Query 311**

``` sql
SELECT * FROM employees WHERE last_name IS NOT NULL;
```

Explanation: Return employees where `last_name` contains a value.

**Query 312**

``` sql
SELECT * FROM employees WHERE last_name IS NOT NULL;
```

Explanation: Return employees where `last_name` contains a value.

**Query 313**

``` sql
SELECT * FROM employees WHERE first_name IS NOT NULL;
```

Explanation: Return employees where `first_name` contains a value.

**Query 314**

``` sql
SELECT * FROM employees WHERE first_name IS NOT NULL;
```

Explanation: Return employees where `first_name` contains a value.

**Query 315**

``` sql
SELECT * FROM employees WHERE hire_date IS NOT NULL;
```

Explanation: Return employees where `hire_date` contains a value.

**Query 316**

``` sql
SELECT * FROM employees WHERE employee_id IS NOT NULL;
```

Explanation: Return employees where `employee_id` contains a value.

**Query 317**

``` sql
SELECT * FROM employees WHERE first_name IS NOT NULL;
```

Explanation: Return employees where `first_name` contains a value.

**Query 318**

``` sql
SELECT * FROM employees WHERE salary IS NOT NULL;
```

Explanation: Return employees where `salary` contains a value.

**Query 319**

``` sql
SELECT * FROM employees WHERE last_name IS NOT NULL;
```

Explanation: Return employees where `last_name` contains a value.

**Query 320**

``` sql
SELECT * FROM employees WHERE last_name IS NOT NULL;
```

Explanation: Return employees where `last_name` contains a value.

**Query 321**

``` sql
SELECT * FROM employees WHERE salary IS NOT NULL;
```

Explanation: Return employees where `salary` contains a value.

**Query 322**

``` sql
SELECT * FROM employees WHERE hire_date IS NOT NULL;
```

Explanation: Return employees where `hire_date` contains a value.

**Query 323**

``` sql
SELECT * FROM employees WHERE hire_date IS NOT NULL;
```

Explanation: Return employees where `hire_date` contains a value.

**Query 324**

``` sql
SELECT * FROM employees WHERE salary IS NOT NULL;
```

Explanation: Return employees where `salary` contains a value.

**Query 325**

``` sql
SELECT * FROM employees WHERE hire_date IS NOT NULL;
```

Explanation: Return employees where `hire_date` contains a value.

**Query 326**

``` sql
SELECT * FROM employees WHERE employee_id IS NOT NULL;
```

Explanation: Return employees where `employee_id` contains a value.

**Query 327**

``` sql
SELECT * FROM employees WHERE hire_date IS NOT NULL;
```

Explanation: Return employees where `hire_date` contains a value.

**Query 328**

``` sql
SELECT * FROM employees WHERE hire_date IS NOT NULL;
```

Explanation: Return employees where `hire_date` contains a value.

**Query 329**

``` sql
SELECT * FROM employees WHERE last_name IS NOT NULL;
```

Explanation: Return employees where `last_name` contains a value.

**Query 330**

``` sql
SELECT * FROM employees WHERE last_name IS NOT NULL;
```

Explanation: Return employees where `last_name` contains a value.

**Query 331**

``` sql
SELECT * FROM employees WHERE last_name IS NOT NULL;
```

Explanation: Return employees where `last_name` contains a value.

**Query 332**

``` sql
SELECT * FROM employees WHERE employee_id IS NOT NULL;
```

Explanation: Return employees where `employee_id` contains a value.

**Query 333**

``` sql
SELECT * FROM employees WHERE last_name IS NOT NULL;
```

Explanation: Return employees where `last_name` contains a value.

**Query 334**

``` sql
SELECT * FROM employees WHERE first_name IS NOT NULL;
```

Explanation: Return employees where `first_name` contains a value.

**Query 335**

``` sql
SELECT * FROM employees WHERE hire_date IS NOT NULL;
```

Explanation: Return employees where `hire_date` contains a value.

**Query 336**

``` sql
SELECT * FROM employees WHERE hire_date IS NOT NULL;
```

Explanation: Return employees where `hire_date` contains a value.

**Query 337**

``` sql
SELECT * FROM employees WHERE hire_date IS NOT NULL;
```

Explanation: Return employees where `hire_date` contains a value.

**Query 338**

``` sql
SELECT * FROM employees WHERE first_name IS NOT NULL;
```

Explanation: Return employees where `first_name` contains a value.

**Query 339**

``` sql
SELECT * FROM employees WHERE first_name IS NOT NULL;
```

Explanation: Return employees where `first_name` contains a value.

**Query 340**

``` sql
SELECT * FROM employees WHERE salary IS NOT NULL;
```

Explanation: Return employees where `salary` contains a value.

**Query 341**

``` sql
SELECT * FROM employees WHERE first_name IS NOT NULL;
```

Explanation: Return employees where `first_name` contains a value.

**Query 342**

``` sql
SELECT * FROM employees WHERE first_name IS NOT NULL;
```

Explanation: Return employees where `first_name` contains a value.

**Query 343**

``` sql
SELECT * FROM employees WHERE first_name IS NOT NULL;
```

Explanation: Return employees where `first_name` contains a value.

**Query 344**

``` sql
SELECT * FROM employees WHERE hire_date IS NOT NULL;
```

Explanation: Return employees where `hire_date` contains a value.

**Query 345**

``` sql
SELECT * FROM employees WHERE hire_date IS NOT NULL;
```

Explanation: Return employees where `hire_date` contains a value.

**Query 346**

``` sql
SELECT * FROM employees WHERE last_name IS NOT NULL;
```

Explanation: Return employees where `last_name` contains a value.

**Query 347**

``` sql
SELECT * FROM employees WHERE hire_date IS NOT NULL;
```

Explanation: Return employees where `hire_date` contains a value.

**Query 348**

``` sql
SELECT * FROM employees WHERE salary IS NOT NULL;
```

Explanation: Return employees where `salary` contains a value.

**Query 349**

``` sql
SELECT * FROM employees WHERE hire_date IS NOT NULL;
```

Explanation: Return employees where `hire_date` contains a value.

**Query 350**

``` sql
SELECT * FROM employees WHERE hire_date IS NOT NULL;
```

Explanation: Return employees where `hire_date` contains a value.

## Queries 351--400

**Query 351**

``` sql
SELECT category, COUNT(*) FROM products GROUP BY category;
```

Explanation: Group products by `category` and count rows in each group.

**Query 352**

``` sql
SELECT product_id, COUNT(*) FROM products GROUP BY product_id;
```

Explanation: Group products by `product_id` and count rows in each
group.

**Query 353**

``` sql
SELECT product_id, COUNT(*) FROM products GROUP BY product_id;
```

Explanation: Group products by `product_id` and count rows in each
group.

**Query 354**

``` sql
SELECT product_id, COUNT(*) FROM products GROUP BY product_id;
```

Explanation: Group products by `product_id` and count rows in each
group.

**Query 355**

``` sql
SELECT product_id, COUNT(*) FROM products GROUP BY product_id;
```

Explanation: Group products by `product_id` and count rows in each
group.

**Query 356**

``` sql
SELECT product_id, COUNT(*) FROM products GROUP BY product_id;
```

Explanation: Group products by `product_id` and count rows in each
group.

**Query 357**

``` sql
SELECT product_name, COUNT(*) FROM products GROUP BY product_name;
```

Explanation: Group products by `product_name` and count rows in each
group.

**Query 358**

``` sql
SELECT price, COUNT(*) FROM products GROUP BY price;
```

Explanation: Group products by `price` and count rows in each group.

**Query 359**

``` sql
SELECT price, COUNT(*) FROM products GROUP BY price;
```

Explanation: Group products by `price` and count rows in each group.

**Query 360**

``` sql
SELECT product_name, COUNT(*) FROM products GROUP BY product_name;
```

Explanation: Group products by `product_name` and count rows in each
group.

**Query 361**

``` sql
SELECT product_id, COUNT(*) FROM products GROUP BY product_id;
```

Explanation: Group products by `product_id` and count rows in each
group.

**Query 362**

``` sql
SELECT category, COUNT(*) FROM products GROUP BY category;
```

Explanation: Group products by `category` and count rows in each group.

**Query 363**

``` sql
SELECT product_name, COUNT(*) FROM products GROUP BY product_name;
```

Explanation: Group products by `product_name` and count rows in each
group.

**Query 364**

``` sql
SELECT category, COUNT(*) FROM products GROUP BY category;
```

Explanation: Group products by `category` and count rows in each group.

**Query 365**

``` sql
SELECT product_name, COUNT(*) FROM products GROUP BY product_name;
```

Explanation: Group products by `product_name` and count rows in each
group.

**Query 366**

``` sql
SELECT category, COUNT(*) FROM products GROUP BY category;
```

Explanation: Group products by `category` and count rows in each group.

**Query 367**

``` sql
SELECT price, COUNT(*) FROM products GROUP BY price;
```

Explanation: Group products by `price` and count rows in each group.

**Query 368**

``` sql
SELECT price, COUNT(*) FROM products GROUP BY price;
```

Explanation: Group products by `price` and count rows in each group.

**Query 369**

``` sql
SELECT category, COUNT(*) FROM products GROUP BY category;
```

Explanation: Group products by `category` and count rows in each group.

**Query 370**

``` sql
SELECT category, COUNT(*) FROM products GROUP BY category;
```

Explanation: Group products by `category` and count rows in each group.

**Query 371**

``` sql
SELECT product_id, COUNT(*) FROM products GROUP BY product_id;
```

Explanation: Group products by `product_id` and count rows in each
group.

**Query 372**

``` sql
SELECT product_id, COUNT(*) FROM products GROUP BY product_id;
```

Explanation: Group products by `product_id` and count rows in each
group.

**Query 373**

``` sql
SELECT product_id, COUNT(*) FROM products GROUP BY product_id;
```

Explanation: Group products by `product_id` and count rows in each
group.

**Query 374**

``` sql
SELECT product_name, COUNT(*) FROM products GROUP BY product_name;
```

Explanation: Group products by `product_name` and count rows in each
group.

**Query 375**

``` sql
SELECT product_id, COUNT(*) FROM products GROUP BY product_id;
```

Explanation: Group products by `product_id` and count rows in each
group.

**Query 376**

``` sql
SELECT product_name, COUNT(*) FROM products GROUP BY product_name;
```

Explanation: Group products by `product_name` and count rows in each
group.

**Query 377**

``` sql
SELECT price, COUNT(*) FROM products GROUP BY price;
```

Explanation: Group products by `price` and count rows in each group.

**Query 378**

``` sql
SELECT category, COUNT(*) FROM products GROUP BY category;
```

Explanation: Group products by `category` and count rows in each group.

**Query 379**

``` sql
SELECT price, COUNT(*) FROM products GROUP BY price;
```

Explanation: Group products by `price` and count rows in each group.

**Query 380**

``` sql
SELECT category, COUNT(*) FROM products GROUP BY category;
```

Explanation: Group products by `category` and count rows in each group.

**Query 381**

``` sql
SELECT price, COUNT(*) FROM products GROUP BY price;
```

Explanation: Group products by `price` and count rows in each group.

**Query 382**

``` sql
SELECT category, COUNT(*) FROM products GROUP BY category;
```

Explanation: Group products by `category` and count rows in each group.

**Query 383**

``` sql
SELECT product_name, COUNT(*) FROM products GROUP BY product_name;
```

Explanation: Group products by `product_name` and count rows in each
group.

**Query 384**

``` sql
SELECT category, COUNT(*) FROM products GROUP BY category;
```

Explanation: Group products by `category` and count rows in each group.

**Query 385**

``` sql
SELECT product_id, COUNT(*) FROM products GROUP BY product_id;
```

Explanation: Group products by `product_id` and count rows in each
group.

**Query 386**

``` sql
SELECT product_id, COUNT(*) FROM products GROUP BY product_id;
```

Explanation: Group products by `product_id` and count rows in each
group.

**Query 387**

``` sql
SELECT product_id, COUNT(*) FROM products GROUP BY product_id;
```

Explanation: Group products by `product_id` and count rows in each
group.

**Query 388**

``` sql
SELECT category, COUNT(*) FROM products GROUP BY category;
```

Explanation: Group products by `category` and count rows in each group.

**Query 389**

``` sql
SELECT price, COUNT(*) FROM products GROUP BY price;
```

Explanation: Group products by `price` and count rows in each group.

**Query 390**

``` sql
SELECT product_name, COUNT(*) FROM products GROUP BY product_name;
```

Explanation: Group products by `product_name` and count rows in each
group.

**Query 391**

``` sql
SELECT product_id, COUNT(*) FROM products GROUP BY product_id;
```

Explanation: Group products by `product_id` and count rows in each
group.

**Query 392**

``` sql
SELECT price, COUNT(*) FROM products GROUP BY price;
```

Explanation: Group products by `price` and count rows in each group.

**Query 393**

``` sql
SELECT category, COUNT(*) FROM products GROUP BY category;
```

Explanation: Group products by `category` and count rows in each group.

**Query 394**

``` sql
SELECT category, COUNT(*) FROM products GROUP BY category;
```

Explanation: Group products by `category` and count rows in each group.

**Query 395**

``` sql
SELECT price, COUNT(*) FROM products GROUP BY price;
```

Explanation: Group products by `price` and count rows in each group.

**Query 396**

``` sql
SELECT category, COUNT(*) FROM products GROUP BY category;
```

Explanation: Group products by `category` and count rows in each group.

**Query 397**

``` sql
SELECT price, COUNT(*) FROM products GROUP BY price;
```

Explanation: Group products by `price` and count rows in each group.

**Query 398**

``` sql
SELECT product_name, COUNT(*) FROM products GROUP BY product_name;
```

Explanation: Group products by `product_name` and count rows in each
group.

**Query 399**

``` sql
SELECT category, COUNT(*) FROM products GROUP BY category;
```

Explanation: Group products by `category` and count rows in each group.

**Query 400**

``` sql
SELECT product_id, COUNT(*) FROM products GROUP BY product_id;
```

Explanation: Group products by `product_id` and count rows in each
group.

## Queries 401--450

**Query 401**

``` sql
SELECT category, COUNT(*) FROM products GROUP BY category;
```

Explanation: Group products by `category` and count rows in each group.

**Query 402**

``` sql
SELECT category, COUNT(*) FROM products GROUP BY category;
```

Explanation: Group products by `category` and count rows in each group.

**Query 403**

``` sql
SELECT product_name, COUNT(*) FROM products GROUP BY product_name;
```

Explanation: Group products by `product_name` and count rows in each
group.

**Query 404**

``` sql
SELECT price, COUNT(*) FROM products GROUP BY price;
```

Explanation: Group products by `price` and count rows in each group.

**Query 405**

``` sql
SELECT product_name, COUNT(*) FROM products GROUP BY product_name;
```

Explanation: Group products by `product_name` and count rows in each
group.

**Query 406**

``` sql
SELECT category, COUNT(*) FROM products GROUP BY category;
```

Explanation: Group products by `category` and count rows in each group.

**Query 407**

``` sql
SELECT product_id, COUNT(*) FROM products GROUP BY product_id;
```

Explanation: Group products by `product_id` and count rows in each
group.

**Query 408**

``` sql
SELECT product_name, COUNT(*) FROM products GROUP BY product_name;
```

Explanation: Group products by `product_name` and count rows in each
group.

**Query 409**

``` sql
SELECT category, COUNT(*) FROM products GROUP BY category;
```

Explanation: Group products by `category` and count rows in each group.

**Query 410**

``` sql
SELECT price, COUNT(*) FROM products GROUP BY price;
```

Explanation: Group products by `price` and count rows in each group.

**Query 411**

``` sql
SELECT product_id, COUNT(*) FROM products GROUP BY product_id;
```

Explanation: Group products by `product_id` and count rows in each
group.

**Query 412**

``` sql
SELECT price, COUNT(*) FROM products GROUP BY price;
```

Explanation: Group products by `price` and count rows in each group.

**Query 413**

``` sql
SELECT price, COUNT(*) FROM products GROUP BY price;
```

Explanation: Group products by `price` and count rows in each group.

**Query 414**

``` sql
SELECT product_id, COUNT(*) FROM products GROUP BY product_id;
```

Explanation: Group products by `product_id` and count rows in each
group.

**Query 415**

``` sql
SELECT product_id, COUNT(*) FROM products GROUP BY product_id;
```

Explanation: Group products by `product_id` and count rows in each
group.

**Query 416**

``` sql
SELECT price, COUNT(*) FROM products GROUP BY price;
```

Explanation: Group products by `price` and count rows in each group.

**Query 417**

``` sql
SELECT category, COUNT(*) FROM products GROUP BY category;
```

Explanation: Group products by `category` and count rows in each group.

**Query 418**

``` sql
SELECT product_id, COUNT(*) FROM products GROUP BY product_id;
```

Explanation: Group products by `product_id` and count rows in each
group.

**Query 419**

``` sql
SELECT product_id, COUNT(*) FROM products GROUP BY product_id;
```

Explanation: Group products by `product_id` and count rows in each
group.

**Query 420**

``` sql
SELECT product_name, COUNT(*) FROM products GROUP BY product_name;
```

Explanation: Group products by `product_name` and count rows in each
group.

**Query 421**

``` sql
SELECT price, COUNT(*) FROM products GROUP BY price;
```

Explanation: Group products by `price` and count rows in each group.

**Query 422**

``` sql
SELECT category, COUNT(*) FROM products GROUP BY category;
```

Explanation: Group products by `category` and count rows in each group.

**Query 423**

``` sql
SELECT price, COUNT(*) FROM products GROUP BY price;
```

Explanation: Group products by `price` and count rows in each group.

**Query 424**

``` sql
SELECT price, COUNT(*) FROM products GROUP BY price;
```

Explanation: Group products by `price` and count rows in each group.

**Query 425**

``` sql
SELECT product_name, COUNT(*) FROM products GROUP BY product_name;
```

Explanation: Group products by `product_name` and count rows in each
group.

**Query 426**

``` sql
SELECT product_id, COUNT(*) FROM products GROUP BY product_id;
```

Explanation: Group products by `product_id` and count rows in each
group.

**Query 427**

``` sql
SELECT category, COUNT(*) FROM products GROUP BY category;
```

Explanation: Group products by `category` and count rows in each group.

**Query 428**

``` sql
SELECT price, COUNT(*) FROM products GROUP BY price;
```

Explanation: Group products by `price` and count rows in each group.

**Query 429**

``` sql
SELECT product_name, COUNT(*) FROM products GROUP BY product_name;
```

Explanation: Group products by `product_name` and count rows in each
group.

**Query 430**

``` sql
SELECT category, COUNT(*) FROM products GROUP BY category;
```

Explanation: Group products by `category` and count rows in each group.

**Query 431**

``` sql
SELECT product_id, COUNT(*) FROM products GROUP BY product_id;
```

Explanation: Group products by `product_id` and count rows in each
group.

**Query 432**

``` sql
SELECT product_name, COUNT(*) FROM products GROUP BY product_name;
```

Explanation: Group products by `product_name` and count rows in each
group.

**Query 433**

``` sql
SELECT product_id, COUNT(*) FROM products GROUP BY product_id;
```

Explanation: Group products by `product_id` and count rows in each
group.

**Query 434**

``` sql
SELECT product_name, COUNT(*) FROM products GROUP BY product_name;
```

Explanation: Group products by `product_name` and count rows in each
group.

**Query 435**

``` sql
SELECT category, COUNT(*) FROM products GROUP BY category;
```

Explanation: Group products by `category` and count rows in each group.

**Query 436**

``` sql
SELECT product_id, COUNT(*) FROM products GROUP BY product_id;
```

Explanation: Group products by `product_id` and count rows in each
group.

**Query 437**

``` sql
SELECT category, COUNT(*) FROM products GROUP BY category;
```

Explanation: Group products by `category` and count rows in each group.

**Query 438**

``` sql
SELECT product_name, COUNT(*) FROM products GROUP BY product_name;
```

Explanation: Group products by `product_name` and count rows in each
group.

**Query 439**

``` sql
SELECT category, COUNT(*) FROM products GROUP BY category;
```

Explanation: Group products by `category` and count rows in each group.

**Query 440**

``` sql
SELECT price, COUNT(*) FROM products GROUP BY price;
```

Explanation: Group products by `price` and count rows in each group.

**Query 441**

``` sql
SELECT price, COUNT(*) FROM products GROUP BY price;
```

Explanation: Group products by `price` and count rows in each group.

**Query 442**

``` sql
SELECT price, COUNT(*) FROM products GROUP BY price;
```

Explanation: Group products by `price` and count rows in each group.

**Query 443**

``` sql
SELECT product_id, COUNT(*) FROM products GROUP BY product_id;
```

Explanation: Group products by `product_id` and count rows in each
group.

**Query 444**

``` sql
SELECT product_name, COUNT(*) FROM products GROUP BY product_name;
```

Explanation: Group products by `product_name` and count rows in each
group.

**Query 445**

``` sql
SELECT category, COUNT(*) FROM products GROUP BY category;
```

Explanation: Group products by `category` and count rows in each group.

**Query 446**

``` sql
SELECT product_name, COUNT(*) FROM products GROUP BY product_name;
```

Explanation: Group products by `product_name` and count rows in each
group.

**Query 447**

``` sql
SELECT category, COUNT(*) FROM products GROUP BY category;
```

Explanation: Group products by `category` and count rows in each group.

**Query 448**

``` sql
SELECT product_id, COUNT(*) FROM products GROUP BY product_id;
```

Explanation: Group products by `product_id` and count rows in each
group.

**Query 449**

``` sql
SELECT category, COUNT(*) FROM products GROUP BY category;
```

Explanation: Group products by `category` and count rows in each group.

**Query 450**

``` sql
SELECT category, COUNT(*) FROM products GROUP BY category;
```

Explanation: Group products by `category` and count rows in each group.

## Queries 451--500

**Query 451**

``` sql
SELECT category, COUNT(*) FROM products GROUP BY category;
```

Explanation: Group products by `category` and count rows in each group.

**Query 452**

``` sql
SELECT price, COUNT(*) FROM products GROUP BY price;
```

Explanation: Group products by `price` and count rows in each group.

**Query 453**

``` sql
SELECT category, COUNT(*) FROM products GROUP BY category;
```

Explanation: Group products by `category` and count rows in each group.

**Query 454**

``` sql
SELECT product_id, COUNT(*) FROM products GROUP BY product_id;
```

Explanation: Group products by `product_id` and count rows in each
group.

**Query 455**

``` sql
SELECT product_name, COUNT(*) FROM products GROUP BY product_name;
```

Explanation: Group products by `product_name` and count rows in each
group.

**Query 456**

``` sql
SELECT product_id, COUNT(*) FROM products GROUP BY product_id;
```

Explanation: Group products by `product_id` and count rows in each
group.

**Query 457**

``` sql
SELECT product_id, COUNT(*) FROM products GROUP BY product_id;
```

Explanation: Group products by `product_id` and count rows in each
group.

**Query 458**

``` sql
SELECT category, COUNT(*) FROM products GROUP BY category;
```

Explanation: Group products by `category` and count rows in each group.

**Query 459**

``` sql
SELECT category, COUNT(*) FROM products GROUP BY category;
```

Explanation: Group products by `category` and count rows in each group.

**Query 460**

``` sql
SELECT product_id, COUNT(*) FROM products GROUP BY product_id;
```

Explanation: Group products by `product_id` and count rows in each
group.

**Query 461**

``` sql
SELECT product_id, COUNT(*) FROM products GROUP BY product_id;
```

Explanation: Group products by `product_id` and count rows in each
group.

**Query 462**

``` sql
SELECT product_id, COUNT(*) FROM products GROUP BY product_id;
```

Explanation: Group products by `product_id` and count rows in each
group.

**Query 463**

``` sql
SELECT product_id, COUNT(*) FROM products GROUP BY product_id;
```

Explanation: Group products by `product_id` and count rows in each
group.

**Query 464**

``` sql
SELECT product_id, COUNT(*) FROM products GROUP BY product_id;
```

Explanation: Group products by `product_id` and count rows in each
group.

**Query 465**

``` sql
SELECT price, COUNT(*) FROM products GROUP BY price;
```

Explanation: Group products by `price` and count rows in each group.

**Query 466**

``` sql
SELECT category, COUNT(*) FROM products GROUP BY category;
```

Explanation: Group products by `category` and count rows in each group.

**Query 467**

``` sql
SELECT category, COUNT(*) FROM products GROUP BY category;
```

Explanation: Group products by `category` and count rows in each group.

**Query 468**

``` sql
SELECT category, COUNT(*) FROM products GROUP BY category;
```

Explanation: Group products by `category` and count rows in each group.

**Query 469**

``` sql
SELECT product_id, COUNT(*) FROM products GROUP BY product_id;
```

Explanation: Group products by `product_id` and count rows in each
group.

**Query 470**

``` sql
SELECT price, COUNT(*) FROM products GROUP BY price;
```

Explanation: Group products by `price` and count rows in each group.

**Query 471**

``` sql
SELECT product_name, COUNT(*) FROM products GROUP BY product_name;
```

Explanation: Group products by `product_name` and count rows in each
group.

**Query 472**

``` sql
SELECT product_id, COUNT(*) FROM products GROUP BY product_id;
```

Explanation: Group products by `product_id` and count rows in each
group.

**Query 473**

``` sql
SELECT product_id, COUNT(*) FROM products GROUP BY product_id;
```

Explanation: Group products by `product_id` and count rows in each
group.

**Query 474**

``` sql
SELECT category, COUNT(*) FROM products GROUP BY category;
```

Explanation: Group products by `category` and count rows in each group.

**Query 475**

``` sql
SELECT product_id, COUNT(*) FROM products GROUP BY product_id;
```

Explanation: Group products by `product_id` and count rows in each
group.

**Query 476**

``` sql
SELECT product_id, COUNT(*) FROM products GROUP BY product_id;
```

Explanation: Group products by `product_id` and count rows in each
group.

**Query 477**

``` sql
SELECT product_id, COUNT(*) FROM products GROUP BY product_id;
```

Explanation: Group products by `product_id` and count rows in each
group.

**Query 478**

``` sql
SELECT product_id, COUNT(*) FROM products GROUP BY product_id;
```

Explanation: Group products by `product_id` and count rows in each
group.

**Query 479**

``` sql
SELECT product_id, COUNT(*) FROM products GROUP BY product_id;
```

Explanation: Group products by `product_id` and count rows in each
group.

**Query 480**

``` sql
SELECT product_id, COUNT(*) FROM products GROUP BY product_id;
```

Explanation: Group products by `product_id` and count rows in each
group.

**Query 481**

``` sql
SELECT product_name, COUNT(*) FROM products GROUP BY product_name;
```

Explanation: Group products by `product_name` and count rows in each
group.

**Query 482**

``` sql
SELECT price, COUNT(*) FROM products GROUP BY price;
```

Explanation: Group products by `price` and count rows in each group.

**Query 483**

``` sql
SELECT category, COUNT(*) FROM products GROUP BY category;
```

Explanation: Group products by `category` and count rows in each group.

**Query 484**

``` sql
SELECT product_id, COUNT(*) FROM products GROUP BY product_id;
```

Explanation: Group products by `product_id` and count rows in each
group.

**Query 485**

``` sql
SELECT product_id, COUNT(*) FROM products GROUP BY product_id;
```

Explanation: Group products by `product_id` and count rows in each
group.

**Query 486**

``` sql
SELECT product_id, COUNT(*) FROM products GROUP BY product_id;
```

Explanation: Group products by `product_id` and count rows in each
group.

**Query 487**

``` sql
SELECT product_name, COUNT(*) FROM products GROUP BY product_name;
```

Explanation: Group products by `product_name` and count rows in each
group.

**Query 488**

``` sql
SELECT product_name, COUNT(*) FROM products GROUP BY product_name;
```

Explanation: Group products by `product_name` and count rows in each
group.

**Query 489**

``` sql
SELECT product_name, COUNT(*) FROM products GROUP BY product_name;
```

Explanation: Group products by `product_name` and count rows in each
group.

**Query 490**

``` sql
SELECT category, COUNT(*) FROM products GROUP BY category;
```

Explanation: Group products by `category` and count rows in each group.

**Query 491**

``` sql
SELECT product_name, COUNT(*) FROM products GROUP BY product_name;
```

Explanation: Group products by `product_name` and count rows in each
group.

**Query 492**

``` sql
SELECT category, COUNT(*) FROM products GROUP BY category;
```

Explanation: Group products by `category` and count rows in each group.

**Query 493**

``` sql
SELECT category, COUNT(*) FROM products GROUP BY category;
```

Explanation: Group products by `category` and count rows in each group.

**Query 494**

``` sql
SELECT product_name, COUNT(*) FROM products GROUP BY product_name;
```

Explanation: Group products by `product_name` and count rows in each
group.

**Query 495**

``` sql
SELECT category, COUNT(*) FROM products GROUP BY category;
```

Explanation: Group products by `category` and count rows in each group.

**Query 496**

``` sql
SELECT price, COUNT(*) FROM products GROUP BY price;
```

Explanation: Group products by `price` and count rows in each group.

**Query 497**

``` sql
SELECT category, COUNT(*) FROM products GROUP BY category;
```

Explanation: Group products by `category` and count rows in each group.

**Query 498**

``` sql
SELECT category, COUNT(*) FROM products GROUP BY category;
```

Explanation: Group products by `category` and count rows in each group.

**Query 499**

``` sql
SELECT category, COUNT(*) FROM products GROUP BY category;
```

Explanation: Group products by `category` and count rows in each group.

**Query 500**

``` sql
SELECT product_id, COUNT(*) FROM products GROUP BY product_id;
```

Explanation: Group products by `product_id` and count rows in each
group.

## Queries 501--550

**Query 501**

``` sql
SELECT e.first_name, d.department_name FROM employees e JOIN departments d ON e.department_id=d.department_id;
```

Explanation: Join employees with departments to display employee names
with their department.

**Query 502**

``` sql
SELECT e.first_name, d.department_name FROM employees e JOIN departments d ON e.department_id=d.department_id;
```

Explanation: Join employees with departments to display employee names
with their department.

**Query 503**

``` sql
SELECT e.first_name, d.department_name FROM employees e JOIN departments d ON e.department_id=d.department_id;
```

Explanation: Join employees with departments to display employee names
with their department.

**Query 504**

``` sql
SELECT e.first_name, d.department_name FROM employees e JOIN departments d ON e.department_id=d.department_id;
```

Explanation: Join employees with departments to display employee names
with their department.

**Query 505**

``` sql
SELECT e.first_name, d.department_name FROM employees e JOIN departments d ON e.department_id=d.department_id;
```

Explanation: Join employees with departments to display employee names
with their department.

**Query 506**

``` sql
SELECT e.first_name, d.department_name FROM employees e JOIN departments d ON e.department_id=d.department_id;
```

Explanation: Join employees with departments to display employee names
with their department.

**Query 507**

``` sql
SELECT e.first_name, d.department_name FROM employees e JOIN departments d ON e.department_id=d.department_id;
```

Explanation: Join employees with departments to display employee names
with their department.

**Query 508**

``` sql
SELECT e.first_name, d.department_name FROM employees e JOIN departments d ON e.department_id=d.department_id;
```

Explanation: Join employees with departments to display employee names
with their department.

**Query 509**

``` sql
SELECT e.first_name, d.department_name FROM employees e JOIN departments d ON e.department_id=d.department_id;
```

Explanation: Join employees with departments to display employee names
with their department.

**Query 510**

``` sql
SELECT e.first_name, d.department_name FROM employees e JOIN departments d ON e.department_id=d.department_id;
```

Explanation: Join employees with departments to display employee names
with their department.

**Query 511**

``` sql
SELECT e.first_name, d.department_name FROM employees e JOIN departments d ON e.department_id=d.department_id;
```

Explanation: Join employees with departments to display employee names
with their department.

**Query 512**

``` sql
SELECT e.first_name, d.department_name FROM employees e JOIN departments d ON e.department_id=d.department_id;
```

Explanation: Join employees with departments to display employee names
with their department.

**Query 513**

``` sql
SELECT e.first_name, d.department_name FROM employees e JOIN departments d ON e.department_id=d.department_id;
```

Explanation: Join employees with departments to display employee names
with their department.

**Query 514**

``` sql
SELECT e.first_name, d.department_name FROM employees e JOIN departments d ON e.department_id=d.department_id;
```

Explanation: Join employees with departments to display employee names
with their department.

**Query 515**

``` sql
SELECT e.first_name, d.department_name FROM employees e JOIN departments d ON e.department_id=d.department_id;
```

Explanation: Join employees with departments to display employee names
with their department.

**Query 516**

``` sql
SELECT e.first_name, d.department_name FROM employees e JOIN departments d ON e.department_id=d.department_id;
```

Explanation: Join employees with departments to display employee names
with their department.

**Query 517**

``` sql
SELECT e.first_name, d.department_name FROM employees e JOIN departments d ON e.department_id=d.department_id;
```

Explanation: Join employees with departments to display employee names
with their department.

**Query 518**

``` sql
SELECT e.first_name, d.department_name FROM employees e JOIN departments d ON e.department_id=d.department_id;
```

Explanation: Join employees with departments to display employee names
with their department.

**Query 519**

``` sql
SELECT e.first_name, d.department_name FROM employees e JOIN departments d ON e.department_id=d.department_id;
```

Explanation: Join employees with departments to display employee names
with their department.

**Query 520**

``` sql
SELECT e.first_name, d.department_name FROM employees e JOIN departments d ON e.department_id=d.department_id;
```

Explanation: Join employees with departments to display employee names
with their department.

**Query 521**

``` sql
SELECT e.first_name, d.department_name FROM employees e JOIN departments d ON e.department_id=d.department_id;
```

Explanation: Join employees with departments to display employee names
with their department.

**Query 522**

``` sql
SELECT e.first_name, d.department_name FROM employees e JOIN departments d ON e.department_id=d.department_id;
```

Explanation: Join employees with departments to display employee names
with their department.

**Query 523**

``` sql
SELECT e.first_name, d.department_name FROM employees e JOIN departments d ON e.department_id=d.department_id;
```

Explanation: Join employees with departments to display employee names
with their department.

**Query 524**

``` sql
SELECT e.first_name, d.department_name FROM employees e JOIN departments d ON e.department_id=d.department_id;
```

Explanation: Join employees with departments to display employee names
with their department.

**Query 525**

``` sql
SELECT e.first_name, d.department_name FROM employees e JOIN departments d ON e.department_id=d.department_id;
```

Explanation: Join employees with departments to display employee names
with their department.

**Query 526**

``` sql
SELECT e.first_name, d.department_name FROM employees e JOIN departments d ON e.department_id=d.department_id;
```

Explanation: Join employees with departments to display employee names
with their department.

**Query 527**

``` sql
SELECT e.first_name, d.department_name FROM employees e JOIN departments d ON e.department_id=d.department_id;
```

Explanation: Join employees with departments to display employee names
with their department.

**Query 528**

``` sql
SELECT e.first_name, d.department_name FROM employees e JOIN departments d ON e.department_id=d.department_id;
```

Explanation: Join employees with departments to display employee names
with their department.

**Query 529**

``` sql
SELECT e.first_name, d.department_name FROM employees e JOIN departments d ON e.department_id=d.department_id;
```

Explanation: Join employees with departments to display employee names
with their department.

**Query 530**

``` sql
SELECT e.first_name, d.department_name FROM employees e JOIN departments d ON e.department_id=d.department_id;
```

Explanation: Join employees with departments to display employee names
with their department.

**Query 531**

``` sql
SELECT e.first_name, d.department_name FROM employees e JOIN departments d ON e.department_id=d.department_id;
```

Explanation: Join employees with departments to display employee names
with their department.

**Query 532**

``` sql
SELECT e.first_name, d.department_name FROM employees e JOIN departments d ON e.department_id=d.department_id;
```

Explanation: Join employees with departments to display employee names
with their department.

**Query 533**

``` sql
SELECT e.first_name, d.department_name FROM employees e JOIN departments d ON e.department_id=d.department_id;
```

Explanation: Join employees with departments to display employee names
with their department.

**Query 534**

``` sql
SELECT e.first_name, d.department_name FROM employees e JOIN departments d ON e.department_id=d.department_id;
```

Explanation: Join employees with departments to display employee names
with their department.

**Query 535**

``` sql
SELECT e.first_name, d.department_name FROM employees e JOIN departments d ON e.department_id=d.department_id;
```

Explanation: Join employees with departments to display employee names
with their department.

**Query 536**

``` sql
SELECT e.first_name, d.department_name FROM employees e JOIN departments d ON e.department_id=d.department_id;
```

Explanation: Join employees with departments to display employee names
with their department.

**Query 537**

``` sql
SELECT e.first_name, d.department_name FROM employees e JOIN departments d ON e.department_id=d.department_id;
```

Explanation: Join employees with departments to display employee names
with their department.

**Query 538**

``` sql
SELECT e.first_name, d.department_name FROM employees e JOIN departments d ON e.department_id=d.department_id;
```

Explanation: Join employees with departments to display employee names
with their department.

**Query 539**

``` sql
SELECT e.first_name, d.department_name FROM employees e JOIN departments d ON e.department_id=d.department_id;
```

Explanation: Join employees with departments to display employee names
with their department.

**Query 540**

``` sql
SELECT e.first_name, d.department_name FROM employees e JOIN departments d ON e.department_id=d.department_id;
```

Explanation: Join employees with departments to display employee names
with their department.

**Query 541**

``` sql
SELECT e.first_name, d.department_name FROM employees e JOIN departments d ON e.department_id=d.department_id;
```

Explanation: Join employees with departments to display employee names
with their department.

**Query 542**

``` sql
SELECT e.first_name, d.department_name FROM employees e JOIN departments d ON e.department_id=d.department_id;
```

Explanation: Join employees with departments to display employee names
with their department.

**Query 543**

``` sql
SELECT e.first_name, d.department_name FROM employees e JOIN departments d ON e.department_id=d.department_id;
```

Explanation: Join employees with departments to display employee names
with their department.

**Query 544**

``` sql
SELECT e.first_name, d.department_name FROM employees e JOIN departments d ON e.department_id=d.department_id;
```

Explanation: Join employees with departments to display employee names
with their department.

**Query 545**

``` sql
SELECT e.first_name, d.department_name FROM employees e JOIN departments d ON e.department_id=d.department_id;
```

Explanation: Join employees with departments to display employee names
with their department.

**Query 546**

``` sql
SELECT e.first_name, d.department_name FROM employees e JOIN departments d ON e.department_id=d.department_id;
```

Explanation: Join employees with departments to display employee names
with their department.

**Query 547**

``` sql
SELECT e.first_name, d.department_name FROM employees e JOIN departments d ON e.department_id=d.department_id;
```

Explanation: Join employees with departments to display employee names
with their department.

**Query 548**

``` sql
SELECT e.first_name, d.department_name FROM employees e JOIN departments d ON e.department_id=d.department_id;
```

Explanation: Join employees with departments to display employee names
with their department.

**Query 549**

``` sql
SELECT e.first_name, d.department_name FROM employees e JOIN departments d ON e.department_id=d.department_id;
```

Explanation: Join employees with departments to display employee names
with their department.

**Query 550**

``` sql
SELECT e.first_name, d.department_name FROM employees e JOIN departments d ON e.department_id=d.department_id;
```

Explanation: Join employees with departments to display employee names
with their department.

## Queries 551--600

**Query 551**

``` sql
SELECT e.first_name, d.department_name FROM employees e JOIN departments d ON e.department_id=d.department_id;
```

Explanation: Join employees with departments to display employee names
with their department.

**Query 552**

``` sql
SELECT e.first_name, d.department_name FROM employees e JOIN departments d ON e.department_id=d.department_id;
```

Explanation: Join employees with departments to display employee names
with their department.

**Query 553**

``` sql
SELECT e.first_name, d.department_name FROM employees e JOIN departments d ON e.department_id=d.department_id;
```

Explanation: Join employees with departments to display employee names
with their department.

**Query 554**

``` sql
SELECT e.first_name, d.department_name FROM employees e JOIN departments d ON e.department_id=d.department_id;
```

Explanation: Join employees with departments to display employee names
with their department.

**Query 555**

``` sql
SELECT e.first_name, d.department_name FROM employees e JOIN departments d ON e.department_id=d.department_id;
```

Explanation: Join employees with departments to display employee names
with their department.

**Query 556**

``` sql
SELECT e.first_name, d.department_name FROM employees e JOIN departments d ON e.department_id=d.department_id;
```

Explanation: Join employees with departments to display employee names
with their department.

**Query 557**

``` sql
SELECT e.first_name, d.department_name FROM employees e JOIN departments d ON e.department_id=d.department_id;
```

Explanation: Join employees with departments to display employee names
with their department.

**Query 558**

``` sql
SELECT e.first_name, d.department_name FROM employees e JOIN departments d ON e.department_id=d.department_id;
```

Explanation: Join employees with departments to display employee names
with their department.

**Query 559**

``` sql
SELECT e.first_name, d.department_name FROM employees e JOIN departments d ON e.department_id=d.department_id;
```

Explanation: Join employees with departments to display employee names
with their department.

**Query 560**

``` sql
SELECT e.first_name, d.department_name FROM employees e JOIN departments d ON e.department_id=d.department_id;
```

Explanation: Join employees with departments to display employee names
with their department.

**Query 561**

``` sql
SELECT e.first_name, d.department_name FROM employees e JOIN departments d ON e.department_id=d.department_id;
```

Explanation: Join employees with departments to display employee names
with their department.

**Query 562**

``` sql
SELECT e.first_name, d.department_name FROM employees e JOIN departments d ON e.department_id=d.department_id;
```

Explanation: Join employees with departments to display employee names
with their department.

**Query 563**

``` sql
SELECT e.first_name, d.department_name FROM employees e JOIN departments d ON e.department_id=d.department_id;
```

Explanation: Join employees with departments to display employee names
with their department.

**Query 564**

``` sql
SELECT e.first_name, d.department_name FROM employees e JOIN departments d ON e.department_id=d.department_id;
```

Explanation: Join employees with departments to display employee names
with their department.

**Query 565**

``` sql
SELECT e.first_name, d.department_name FROM employees e JOIN departments d ON e.department_id=d.department_id;
```

Explanation: Join employees with departments to display employee names
with their department.

**Query 566**

``` sql
SELECT e.first_name, d.department_name FROM employees e JOIN departments d ON e.department_id=d.department_id;
```

Explanation: Join employees with departments to display employee names
with their department.

**Query 567**

``` sql
SELECT e.first_name, d.department_name FROM employees e JOIN departments d ON e.department_id=d.department_id;
```

Explanation: Join employees with departments to display employee names
with their department.

**Query 568**

``` sql
SELECT e.first_name, d.department_name FROM employees e JOIN departments d ON e.department_id=d.department_id;
```

Explanation: Join employees with departments to display employee names
with their department.

**Query 569**

``` sql
SELECT e.first_name, d.department_name FROM employees e JOIN departments d ON e.department_id=d.department_id;
```

Explanation: Join employees with departments to display employee names
with their department.

**Query 570**

``` sql
SELECT e.first_name, d.department_name FROM employees e JOIN departments d ON e.department_id=d.department_id;
```

Explanation: Join employees with departments to display employee names
with their department.

**Query 571**

``` sql
SELECT e.first_name, d.department_name FROM employees e JOIN departments d ON e.department_id=d.department_id;
```

Explanation: Join employees with departments to display employee names
with their department.

**Query 572**

``` sql
SELECT e.first_name, d.department_name FROM employees e JOIN departments d ON e.department_id=d.department_id;
```

Explanation: Join employees with departments to display employee names
with their department.

**Query 573**

``` sql
SELECT e.first_name, d.department_name FROM employees e JOIN departments d ON e.department_id=d.department_id;
```

Explanation: Join employees with departments to display employee names
with their department.

**Query 574**

``` sql
SELECT e.first_name, d.department_name FROM employees e JOIN departments d ON e.department_id=d.department_id;
```

Explanation: Join employees with departments to display employee names
with their department.

**Query 575**

``` sql
SELECT e.first_name, d.department_name FROM employees e JOIN departments d ON e.department_id=d.department_id;
```

Explanation: Join employees with departments to display employee names
with their department.

**Query 576**

``` sql
SELECT e.first_name, d.department_name FROM employees e JOIN departments d ON e.department_id=d.department_id;
```

Explanation: Join employees with departments to display employee names
with their department.

**Query 577**

``` sql
SELECT e.first_name, d.department_name FROM employees e JOIN departments d ON e.department_id=d.department_id;
```

Explanation: Join employees with departments to display employee names
with their department.

**Query 578**

``` sql
SELECT e.first_name, d.department_name FROM employees e JOIN departments d ON e.department_id=d.department_id;
```

Explanation: Join employees with departments to display employee names
with their department.

**Query 579**

``` sql
SELECT e.first_name, d.department_name FROM employees e JOIN departments d ON e.department_id=d.department_id;
```

Explanation: Join employees with departments to display employee names
with their department.

**Query 580**

``` sql
SELECT e.first_name, d.department_name FROM employees e JOIN departments d ON e.department_id=d.department_id;
```

Explanation: Join employees with departments to display employee names
with their department.

**Query 581**

``` sql
SELECT e.first_name, d.department_name FROM employees e JOIN departments d ON e.department_id=d.department_id;
```

Explanation: Join employees with departments to display employee names
with their department.

**Query 582**

``` sql
SELECT e.first_name, d.department_name FROM employees e JOIN departments d ON e.department_id=d.department_id;
```

Explanation: Join employees with departments to display employee names
with their department.

**Query 583**

``` sql
SELECT e.first_name, d.department_name FROM employees e JOIN departments d ON e.department_id=d.department_id;
```

Explanation: Join employees with departments to display employee names
with their department.

**Query 584**

``` sql
SELECT e.first_name, d.department_name FROM employees e JOIN departments d ON e.department_id=d.department_id;
```

Explanation: Join employees with departments to display employee names
with their department.

**Query 585**

``` sql
SELECT e.first_name, d.department_name FROM employees e JOIN departments d ON e.department_id=d.department_id;
```

Explanation: Join employees with departments to display employee names
with their department.

**Query 586**

``` sql
SELECT e.first_name, d.department_name FROM employees e JOIN departments d ON e.department_id=d.department_id;
```

Explanation: Join employees with departments to display employee names
with their department.

**Query 587**

``` sql
SELECT e.first_name, d.department_name FROM employees e JOIN departments d ON e.department_id=d.department_id;
```

Explanation: Join employees with departments to display employee names
with their department.

**Query 588**

``` sql
SELECT e.first_name, d.department_name FROM employees e JOIN departments d ON e.department_id=d.department_id;
```

Explanation: Join employees with departments to display employee names
with their department.

**Query 589**

``` sql
SELECT e.first_name, d.department_name FROM employees e JOIN departments d ON e.department_id=d.department_id;
```

Explanation: Join employees with departments to display employee names
with their department.

**Query 590**

``` sql
SELECT e.first_name, d.department_name FROM employees e JOIN departments d ON e.department_id=d.department_id;
```

Explanation: Join employees with departments to display employee names
with their department.

**Query 591**

``` sql
SELECT e.first_name, d.department_name FROM employees e JOIN departments d ON e.department_id=d.department_id;
```

Explanation: Join employees with departments to display employee names
with their department.

**Query 592**

``` sql
SELECT e.first_name, d.department_name FROM employees e JOIN departments d ON e.department_id=d.department_id;
```

Explanation: Join employees with departments to display employee names
with their department.

**Query 593**

``` sql
SELECT e.first_name, d.department_name FROM employees e JOIN departments d ON e.department_id=d.department_id;
```

Explanation: Join employees with departments to display employee names
with their department.

**Query 594**

``` sql
SELECT e.first_name, d.department_name FROM employees e JOIN departments d ON e.department_id=d.department_id;
```

Explanation: Join employees with departments to display employee names
with their department.

**Query 595**

``` sql
SELECT e.first_name, d.department_name FROM employees e JOIN departments d ON e.department_id=d.department_id;
```

Explanation: Join employees with departments to display employee names
with their department.

**Query 596**

``` sql
SELECT e.first_name, d.department_name FROM employees e JOIN departments d ON e.department_id=d.department_id;
```

Explanation: Join employees with departments to display employee names
with their department.

**Query 597**

``` sql
SELECT e.first_name, d.department_name FROM employees e JOIN departments d ON e.department_id=d.department_id;
```

Explanation: Join employees with departments to display employee names
with their department.

**Query 598**

``` sql
SELECT e.first_name, d.department_name FROM employees e JOIN departments d ON e.department_id=d.department_id;
```

Explanation: Join employees with departments to display employee names
with their department.

**Query 599**

``` sql
SELECT e.first_name, d.department_name FROM employees e JOIN departments d ON e.department_id=d.department_id;
```

Explanation: Join employees with departments to display employee names
with their department.

**Query 600**

``` sql
SELECT e.first_name, d.department_name FROM employees e JOIN departments d ON e.department_id=d.department_id;
```

Explanation: Join employees with departments to display employee names
with their department.

## Queries 601--650

**Query 601**

``` sql
WITH order_totals AS (
SELECT order_id, SUM(quantity*price) AS total
FROM order_items
GROUP BY order_id
)
SELECT * FROM order_totals;
```

Explanation: Use a CTE to calculate total order value for each order.

**Query 602**

``` sql
WITH order_totals AS (
SELECT order_id, SUM(quantity*price) AS total
FROM order_items
GROUP BY order_id
)
SELECT * FROM order_totals;
```

Explanation: Use a CTE to calculate total order value for each order.

**Query 603**

``` sql
WITH order_totals AS (
SELECT order_id, SUM(quantity*price) AS total
FROM order_items
GROUP BY order_id
)
SELECT * FROM order_totals;
```

Explanation: Use a CTE to calculate total order value for each order.

**Query 604**

``` sql
WITH order_totals AS (
SELECT order_id, SUM(quantity*price) AS total
FROM order_items
GROUP BY order_id
)
SELECT * FROM order_totals;
```

Explanation: Use a CTE to calculate total order value for each order.

**Query 605**

``` sql
WITH order_totals AS (
SELECT order_id, SUM(quantity*price) AS total
FROM order_items
GROUP BY order_id
)
SELECT * FROM order_totals;
```

Explanation: Use a CTE to calculate total order value for each order.

**Query 606**

``` sql
WITH order_totals AS (
SELECT order_id, SUM(quantity*price) AS total
FROM order_items
GROUP BY order_id
)
SELECT * FROM order_totals;
```

Explanation: Use a CTE to calculate total order value for each order.

**Query 607**

``` sql
WITH order_totals AS (
SELECT order_id, SUM(quantity*price) AS total
FROM order_items
GROUP BY order_id
)
SELECT * FROM order_totals;
```

Explanation: Use a CTE to calculate total order value for each order.

**Query 608**

``` sql
WITH order_totals AS (
SELECT order_id, SUM(quantity*price) AS total
FROM order_items
GROUP BY order_id
)
SELECT * FROM order_totals;
```

Explanation: Use a CTE to calculate total order value for each order.

**Query 609**

``` sql
WITH order_totals AS (
SELECT order_id, SUM(quantity*price) AS total
FROM order_items
GROUP BY order_id
)
SELECT * FROM order_totals;
```

Explanation: Use a CTE to calculate total order value for each order.

**Query 610**

``` sql
WITH order_totals AS (
SELECT order_id, SUM(quantity*price) AS total
FROM order_items
GROUP BY order_id
)
SELECT * FROM order_totals;
```

Explanation: Use a CTE to calculate total order value for each order.

**Query 611**

``` sql
WITH order_totals AS (
SELECT order_id, SUM(quantity*price) AS total
FROM order_items
GROUP BY order_id
)
SELECT * FROM order_totals;
```

Explanation: Use a CTE to calculate total order value for each order.

**Query 612**

``` sql
WITH order_totals AS (
SELECT order_id, SUM(quantity*price) AS total
FROM order_items
GROUP BY order_id
)
SELECT * FROM order_totals;
```

Explanation: Use a CTE to calculate total order value for each order.

**Query 613**

``` sql
WITH order_totals AS (
SELECT order_id, SUM(quantity*price) AS total
FROM order_items
GROUP BY order_id
)
SELECT * FROM order_totals;
```

Explanation: Use a CTE to calculate total order value for each order.

**Query 614**

``` sql
WITH order_totals AS (
SELECT order_id, SUM(quantity*price) AS total
FROM order_items
GROUP BY order_id
)
SELECT * FROM order_totals;
```

Explanation: Use a CTE to calculate total order value for each order.

**Query 615**

``` sql
WITH order_totals AS (
SELECT order_id, SUM(quantity*price) AS total
FROM order_items
GROUP BY order_id
)
SELECT * FROM order_totals;
```

Explanation: Use a CTE to calculate total order value for each order.

**Query 616**

``` sql
WITH order_totals AS (
SELECT order_id, SUM(quantity*price) AS total
FROM order_items
GROUP BY order_id
)
SELECT * FROM order_totals;
```

Explanation: Use a CTE to calculate total order value for each order.

**Query 617**

``` sql
WITH order_totals AS (
SELECT order_id, SUM(quantity*price) AS total
FROM order_items
GROUP BY order_id
)
SELECT * FROM order_totals;
```

Explanation: Use a CTE to calculate total order value for each order.

**Query 618**

``` sql
WITH order_totals AS (
SELECT order_id, SUM(quantity*price) AS total
FROM order_items
GROUP BY order_id
)
SELECT * FROM order_totals;
```

Explanation: Use a CTE to calculate total order value for each order.

**Query 619**

``` sql
WITH order_totals AS (
SELECT order_id, SUM(quantity*price) AS total
FROM order_items
GROUP BY order_id
)
SELECT * FROM order_totals;
```

Explanation: Use a CTE to calculate total order value for each order.

**Query 620**

``` sql
WITH order_totals AS (
SELECT order_id, SUM(quantity*price) AS total
FROM order_items
GROUP BY order_id
)
SELECT * FROM order_totals;
```

Explanation: Use a CTE to calculate total order value for each order.

**Query 621**

``` sql
WITH order_totals AS (
SELECT order_id, SUM(quantity*price) AS total
FROM order_items
GROUP BY order_id
)
SELECT * FROM order_totals;
```

Explanation: Use a CTE to calculate total order value for each order.

**Query 622**

``` sql
WITH order_totals AS (
SELECT order_id, SUM(quantity*price) AS total
FROM order_items
GROUP BY order_id
)
SELECT * FROM order_totals;
```

Explanation: Use a CTE to calculate total order value for each order.

**Query 623**

``` sql
WITH order_totals AS (
SELECT order_id, SUM(quantity*price) AS total
FROM order_items
GROUP BY order_id
)
SELECT * FROM order_totals;
```

Explanation: Use a CTE to calculate total order value for each order.

**Query 624**

``` sql
WITH order_totals AS (
SELECT order_id, SUM(quantity*price) AS total
FROM order_items
GROUP BY order_id
)
SELECT * FROM order_totals;
```

Explanation: Use a CTE to calculate total order value for each order.

**Query 625**

``` sql
WITH order_totals AS (
SELECT order_id, SUM(quantity*price) AS total
FROM order_items
GROUP BY order_id
)
SELECT * FROM order_totals;
```

Explanation: Use a CTE to calculate total order value for each order.

**Query 626**

``` sql
WITH order_totals AS (
SELECT order_id, SUM(quantity*price) AS total
FROM order_items
GROUP BY order_id
)
SELECT * FROM order_totals;
```

Explanation: Use a CTE to calculate total order value for each order.

**Query 627**

``` sql
WITH order_totals AS (
SELECT order_id, SUM(quantity*price) AS total
FROM order_items
GROUP BY order_id
)
SELECT * FROM order_totals;
```

Explanation: Use a CTE to calculate total order value for each order.

**Query 628**

``` sql
WITH order_totals AS (
SELECT order_id, SUM(quantity*price) AS total
FROM order_items
GROUP BY order_id
)
SELECT * FROM order_totals;
```

Explanation: Use a CTE to calculate total order value for each order.

**Query 629**

``` sql
WITH order_totals AS (
SELECT order_id, SUM(quantity*price) AS total
FROM order_items
GROUP BY order_id
)
SELECT * FROM order_totals;
```

Explanation: Use a CTE to calculate total order value for each order.

**Query 630**

``` sql
WITH order_totals AS (
SELECT order_id, SUM(quantity*price) AS total
FROM order_items
GROUP BY order_id
)
SELECT * FROM order_totals;
```

Explanation: Use a CTE to calculate total order value for each order.

**Query 631**

``` sql
WITH order_totals AS (
SELECT order_id, SUM(quantity*price) AS total
FROM order_items
GROUP BY order_id
)
SELECT * FROM order_totals;
```

Explanation: Use a CTE to calculate total order value for each order.

**Query 632**

``` sql
WITH order_totals AS (
SELECT order_id, SUM(quantity*price) AS total
FROM order_items
GROUP BY order_id
)
SELECT * FROM order_totals;
```

Explanation: Use a CTE to calculate total order value for each order.

**Query 633**

``` sql
WITH order_totals AS (
SELECT order_id, SUM(quantity*price) AS total
FROM order_items
GROUP BY order_id
)
SELECT * FROM order_totals;
```

Explanation: Use a CTE to calculate total order value for each order.

**Query 634**

``` sql
WITH order_totals AS (
SELECT order_id, SUM(quantity*price) AS total
FROM order_items
GROUP BY order_id
)
SELECT * FROM order_totals;
```

Explanation: Use a CTE to calculate total order value for each order.

**Query 635**

``` sql
WITH order_totals AS (
SELECT order_id, SUM(quantity*price) AS total
FROM order_items
GROUP BY order_id
)
SELECT * FROM order_totals;
```

Explanation: Use a CTE to calculate total order value for each order.

**Query 636**

``` sql
WITH order_totals AS (
SELECT order_id, SUM(quantity*price) AS total
FROM order_items
GROUP BY order_id
)
SELECT * FROM order_totals;
```

Explanation: Use a CTE to calculate total order value for each order.

**Query 637**

``` sql
WITH order_totals AS (
SELECT order_id, SUM(quantity*price) AS total
FROM order_items
GROUP BY order_id
)
SELECT * FROM order_totals;
```

Explanation: Use a CTE to calculate total order value for each order.

**Query 638**

``` sql
WITH order_totals AS (
SELECT order_id, SUM(quantity*price) AS total
FROM order_items
GROUP BY order_id
)
SELECT * FROM order_totals;
```

Explanation: Use a CTE to calculate total order value for each order.

**Query 639**

``` sql
WITH order_totals AS (
SELECT order_id, SUM(quantity*price) AS total
FROM order_items
GROUP BY order_id
)
SELECT * FROM order_totals;
```

Explanation: Use a CTE to calculate total order value for each order.

**Query 640**

``` sql
WITH order_totals AS (
SELECT order_id, SUM(quantity*price) AS total
FROM order_items
GROUP BY order_id
)
SELECT * FROM order_totals;
```

Explanation: Use a CTE to calculate total order value for each order.

**Query 641**

``` sql
WITH order_totals AS (
SELECT order_id, SUM(quantity*price) AS total
FROM order_items
GROUP BY order_id
)
SELECT * FROM order_totals;
```

Explanation: Use a CTE to calculate total order value for each order.

**Query 642**

``` sql
WITH order_totals AS (
SELECT order_id, SUM(quantity*price) AS total
FROM order_items
GROUP BY order_id
)
SELECT * FROM order_totals;
```

Explanation: Use a CTE to calculate total order value for each order.

**Query 643**

``` sql
WITH order_totals AS (
SELECT order_id, SUM(quantity*price) AS total
FROM order_items
GROUP BY order_id
)
SELECT * FROM order_totals;
```

Explanation: Use a CTE to calculate total order value for each order.

**Query 644**

``` sql
WITH order_totals AS (
SELECT order_id, SUM(quantity*price) AS total
FROM order_items
GROUP BY order_id
)
SELECT * FROM order_totals;
```

Explanation: Use a CTE to calculate total order value for each order.

**Query 645**

``` sql
WITH order_totals AS (
SELECT order_id, SUM(quantity*price) AS total
FROM order_items
GROUP BY order_id
)
SELECT * FROM order_totals;
```

Explanation: Use a CTE to calculate total order value for each order.

**Query 646**

``` sql
WITH order_totals AS (
SELECT order_id, SUM(quantity*price) AS total
FROM order_items
GROUP BY order_id
)
SELECT * FROM order_totals;
```

Explanation: Use a CTE to calculate total order value for each order.

**Query 647**

``` sql
WITH order_totals AS (
SELECT order_id, SUM(quantity*price) AS total
FROM order_items
GROUP BY order_id
)
SELECT * FROM order_totals;
```

Explanation: Use a CTE to calculate total order value for each order.

**Query 648**

``` sql
WITH order_totals AS (
SELECT order_id, SUM(quantity*price) AS total
FROM order_items
GROUP BY order_id
)
SELECT * FROM order_totals;
```

Explanation: Use a CTE to calculate total order value for each order.

**Query 649**

``` sql
WITH order_totals AS (
SELECT order_id, SUM(quantity*price) AS total
FROM order_items
GROUP BY order_id
)
SELECT * FROM order_totals;
```

Explanation: Use a CTE to calculate total order value for each order.

**Query 650**

``` sql
WITH order_totals AS (
SELECT order_id, SUM(quantity*price) AS total
FROM order_items
GROUP BY order_id
)
SELECT * FROM order_totals;
```

Explanation: Use a CTE to calculate total order value for each order.

## Queries 651--700

**Query 651**

``` sql
WITH order_totals AS (
SELECT order_id, SUM(quantity*price) AS total
FROM order_items
GROUP BY order_id
)
SELECT * FROM order_totals;
```

Explanation: Use a CTE to calculate total order value for each order.

**Query 652**

``` sql
WITH order_totals AS (
SELECT order_id, SUM(quantity*price) AS total
FROM order_items
GROUP BY order_id
)
SELECT * FROM order_totals;
```

Explanation: Use a CTE to calculate total order value for each order.

**Query 653**

``` sql
WITH order_totals AS (
SELECT order_id, SUM(quantity*price) AS total
FROM order_items
GROUP BY order_id
)
SELECT * FROM order_totals;
```

Explanation: Use a CTE to calculate total order value for each order.

**Query 654**

``` sql
WITH order_totals AS (
SELECT order_id, SUM(quantity*price) AS total
FROM order_items
GROUP BY order_id
)
SELECT * FROM order_totals;
```

Explanation: Use a CTE to calculate total order value for each order.

**Query 655**

``` sql
WITH order_totals AS (
SELECT order_id, SUM(quantity*price) AS total
FROM order_items
GROUP BY order_id
)
SELECT * FROM order_totals;
```

Explanation: Use a CTE to calculate total order value for each order.

**Query 656**

``` sql
WITH order_totals AS (
SELECT order_id, SUM(quantity*price) AS total
FROM order_items
GROUP BY order_id
)
SELECT * FROM order_totals;
```

Explanation: Use a CTE to calculate total order value for each order.

**Query 657**

``` sql
WITH order_totals AS (
SELECT order_id, SUM(quantity*price) AS total
FROM order_items
GROUP BY order_id
)
SELECT * FROM order_totals;
```

Explanation: Use a CTE to calculate total order value for each order.

**Query 658**

``` sql
WITH order_totals AS (
SELECT order_id, SUM(quantity*price) AS total
FROM order_items
GROUP BY order_id
)
SELECT * FROM order_totals;
```

Explanation: Use a CTE to calculate total order value for each order.

**Query 659**

``` sql
WITH order_totals AS (
SELECT order_id, SUM(quantity*price) AS total
FROM order_items
GROUP BY order_id
)
SELECT * FROM order_totals;
```

Explanation: Use a CTE to calculate total order value for each order.

**Query 660**

``` sql
WITH order_totals AS (
SELECT order_id, SUM(quantity*price) AS total
FROM order_items
GROUP BY order_id
)
SELECT * FROM order_totals;
```

Explanation: Use a CTE to calculate total order value for each order.

**Query 661**

``` sql
WITH order_totals AS (
SELECT order_id, SUM(quantity*price) AS total
FROM order_items
GROUP BY order_id
)
SELECT * FROM order_totals;
```

Explanation: Use a CTE to calculate total order value for each order.

**Query 662**

``` sql
WITH order_totals AS (
SELECT order_id, SUM(quantity*price) AS total
FROM order_items
GROUP BY order_id
)
SELECT * FROM order_totals;
```

Explanation: Use a CTE to calculate total order value for each order.

**Query 663**

``` sql
WITH order_totals AS (
SELECT order_id, SUM(quantity*price) AS total
FROM order_items
GROUP BY order_id
)
SELECT * FROM order_totals;
```

Explanation: Use a CTE to calculate total order value for each order.

**Query 664**

``` sql
WITH order_totals AS (
SELECT order_id, SUM(quantity*price) AS total
FROM order_items
GROUP BY order_id
)
SELECT * FROM order_totals;
```

Explanation: Use a CTE to calculate total order value for each order.

**Query 665**

``` sql
WITH order_totals AS (
SELECT order_id, SUM(quantity*price) AS total
FROM order_items
GROUP BY order_id
)
SELECT * FROM order_totals;
```

Explanation: Use a CTE to calculate total order value for each order.

**Query 666**

``` sql
WITH order_totals AS (
SELECT order_id, SUM(quantity*price) AS total
FROM order_items
GROUP BY order_id
)
SELECT * FROM order_totals;
```

Explanation: Use a CTE to calculate total order value for each order.

**Query 667**

``` sql
WITH order_totals AS (
SELECT order_id, SUM(quantity*price) AS total
FROM order_items
GROUP BY order_id
)
SELECT * FROM order_totals;
```

Explanation: Use a CTE to calculate total order value for each order.

**Query 668**

``` sql
WITH order_totals AS (
SELECT order_id, SUM(quantity*price) AS total
FROM order_items
GROUP BY order_id
)
SELECT * FROM order_totals;
```

Explanation: Use a CTE to calculate total order value for each order.

**Query 669**

``` sql
WITH order_totals AS (
SELECT order_id, SUM(quantity*price) AS total
FROM order_items
GROUP BY order_id
)
SELECT * FROM order_totals;
```

Explanation: Use a CTE to calculate total order value for each order.

**Query 670**

``` sql
WITH order_totals AS (
SELECT order_id, SUM(quantity*price) AS total
FROM order_items
GROUP BY order_id
)
SELECT * FROM order_totals;
```

Explanation: Use a CTE to calculate total order value for each order.

**Query 671**

``` sql
WITH order_totals AS (
SELECT order_id, SUM(quantity*price) AS total
FROM order_items
GROUP BY order_id
)
SELECT * FROM order_totals;
```

Explanation: Use a CTE to calculate total order value for each order.

**Query 672**

``` sql
WITH order_totals AS (
SELECT order_id, SUM(quantity*price) AS total
FROM order_items
GROUP BY order_id
)
SELECT * FROM order_totals;
```

Explanation: Use a CTE to calculate total order value for each order.

**Query 673**

``` sql
WITH order_totals AS (
SELECT order_id, SUM(quantity*price) AS total
FROM order_items
GROUP BY order_id
)
SELECT * FROM order_totals;
```

Explanation: Use a CTE to calculate total order value for each order.

**Query 674**

``` sql
WITH order_totals AS (
SELECT order_id, SUM(quantity*price) AS total
FROM order_items
GROUP BY order_id
)
SELECT * FROM order_totals;
```

Explanation: Use a CTE to calculate total order value for each order.

**Query 675**

``` sql
WITH order_totals AS (
SELECT order_id, SUM(quantity*price) AS total
FROM order_items
GROUP BY order_id
)
SELECT * FROM order_totals;
```

Explanation: Use a CTE to calculate total order value for each order.

**Query 676**

``` sql
WITH order_totals AS (
SELECT order_id, SUM(quantity*price) AS total
FROM order_items
GROUP BY order_id
)
SELECT * FROM order_totals;
```

Explanation: Use a CTE to calculate total order value for each order.

**Query 677**

``` sql
WITH order_totals AS (
SELECT order_id, SUM(quantity*price) AS total
FROM order_items
GROUP BY order_id
)
SELECT * FROM order_totals;
```

Explanation: Use a CTE to calculate total order value for each order.

**Query 678**

``` sql
WITH order_totals AS (
SELECT order_id, SUM(quantity*price) AS total
FROM order_items
GROUP BY order_id
)
SELECT * FROM order_totals;
```

Explanation: Use a CTE to calculate total order value for each order.

**Query 679**

``` sql
WITH order_totals AS (
SELECT order_id, SUM(quantity*price) AS total
FROM order_items
GROUP BY order_id
)
SELECT * FROM order_totals;
```

Explanation: Use a CTE to calculate total order value for each order.

**Query 680**

``` sql
WITH order_totals AS (
SELECT order_id, SUM(quantity*price) AS total
FROM order_items
GROUP BY order_id
)
SELECT * FROM order_totals;
```

Explanation: Use a CTE to calculate total order value for each order.

**Query 681**

``` sql
WITH order_totals AS (
SELECT order_id, SUM(quantity*price) AS total
FROM order_items
GROUP BY order_id
)
SELECT * FROM order_totals;
```

Explanation: Use a CTE to calculate total order value for each order.

**Query 682**

``` sql
WITH order_totals AS (
SELECT order_id, SUM(quantity*price) AS total
FROM order_items
GROUP BY order_id
)
SELECT * FROM order_totals;
```

Explanation: Use a CTE to calculate total order value for each order.

**Query 683**

``` sql
WITH order_totals AS (
SELECT order_id, SUM(quantity*price) AS total
FROM order_items
GROUP BY order_id
)
SELECT * FROM order_totals;
```

Explanation: Use a CTE to calculate total order value for each order.

**Query 684**

``` sql
WITH order_totals AS (
SELECT order_id, SUM(quantity*price) AS total
FROM order_items
GROUP BY order_id
)
SELECT * FROM order_totals;
```

Explanation: Use a CTE to calculate total order value for each order.

**Query 685**

``` sql
WITH order_totals AS (
SELECT order_id, SUM(quantity*price) AS total
FROM order_items
GROUP BY order_id
)
SELECT * FROM order_totals;
```

Explanation: Use a CTE to calculate total order value for each order.

**Query 686**

``` sql
WITH order_totals AS (
SELECT order_id, SUM(quantity*price) AS total
FROM order_items
GROUP BY order_id
)
SELECT * FROM order_totals;
```

Explanation: Use a CTE to calculate total order value for each order.

**Query 687**

``` sql
WITH order_totals AS (
SELECT order_id, SUM(quantity*price) AS total
FROM order_items
GROUP BY order_id
)
SELECT * FROM order_totals;
```

Explanation: Use a CTE to calculate total order value for each order.

**Query 688**

``` sql
WITH order_totals AS (
SELECT order_id, SUM(quantity*price) AS total
FROM order_items
GROUP BY order_id
)
SELECT * FROM order_totals;
```

Explanation: Use a CTE to calculate total order value for each order.

**Query 689**

``` sql
WITH order_totals AS (
SELECT order_id, SUM(quantity*price) AS total
FROM order_items
GROUP BY order_id
)
SELECT * FROM order_totals;
```

Explanation: Use a CTE to calculate total order value for each order.

**Query 690**

``` sql
WITH order_totals AS (
SELECT order_id, SUM(quantity*price) AS total
FROM order_items
GROUP BY order_id
)
SELECT * FROM order_totals;
```

Explanation: Use a CTE to calculate total order value for each order.

**Query 691**

``` sql
WITH order_totals AS (
SELECT order_id, SUM(quantity*price) AS total
FROM order_items
GROUP BY order_id
)
SELECT * FROM order_totals;
```

Explanation: Use a CTE to calculate total order value for each order.

**Query 692**

``` sql
WITH order_totals AS (
SELECT order_id, SUM(quantity*price) AS total
FROM order_items
GROUP BY order_id
)
SELECT * FROM order_totals;
```

Explanation: Use a CTE to calculate total order value for each order.

**Query 693**

``` sql
WITH order_totals AS (
SELECT order_id, SUM(quantity*price) AS total
FROM order_items
GROUP BY order_id
)
SELECT * FROM order_totals;
```

Explanation: Use a CTE to calculate total order value for each order.

**Query 694**

``` sql
WITH order_totals AS (
SELECT order_id, SUM(quantity*price) AS total
FROM order_items
GROUP BY order_id
)
SELECT * FROM order_totals;
```

Explanation: Use a CTE to calculate total order value for each order.

**Query 695**

``` sql
WITH order_totals AS (
SELECT order_id, SUM(quantity*price) AS total
FROM order_items
GROUP BY order_id
)
SELECT * FROM order_totals;
```

Explanation: Use a CTE to calculate total order value for each order.

**Query 696**

``` sql
WITH order_totals AS (
SELECT order_id, SUM(quantity*price) AS total
FROM order_items
GROUP BY order_id
)
SELECT * FROM order_totals;
```

Explanation: Use a CTE to calculate total order value for each order.

**Query 697**

``` sql
WITH order_totals AS (
SELECT order_id, SUM(quantity*price) AS total
FROM order_items
GROUP BY order_id
)
SELECT * FROM order_totals;
```

Explanation: Use a CTE to calculate total order value for each order.

**Query 698**

``` sql
WITH order_totals AS (
SELECT order_id, SUM(quantity*price) AS total
FROM order_items
GROUP BY order_id
)
SELECT * FROM order_totals;
```

Explanation: Use a CTE to calculate total order value for each order.

**Query 699**

``` sql
WITH order_totals AS (
SELECT order_id, SUM(quantity*price) AS total
FROM order_items
GROUP BY order_id
)
SELECT * FROM order_totals;
```

Explanation: Use a CTE to calculate total order value for each order.

**Query 700**

``` sql
WITH order_totals AS (
SELECT order_id, SUM(quantity*price) AS total
FROM order_items
GROUP BY order_id
)
SELECT * FROM order_totals;
```

Explanation: Use a CTE to calculate total order value for each order.
